PEA,Range,Column,OAT,Pea Test Weight (g),Pea Test Weight Valume (cm3),Pea 1000Seed/WT (g),Pea Harvest Weight (g),Pea Yield bu/A,Oat Test Weight (lb/bu),Oat Test Weight (g),Oat Test Weight Valume (cm3),Oat 1000Seed/WT (g),Oat Harvest Weight (kg),Oat Yield bu/A,plot_number
PLNDP170247Y,2,2,PLIL23-512,175.96,236.588,155.4,374.66,9.994413482,44,NA,NA,30.2,0.415,20.75722786,2001
PLNDP250085Y,3,2,PLIL23-3228,175.64,236.588,169,471.54,12.57878005,38.4,NA,NA,25.8,0.319,15.95555587,2016
PLNDP250051Y,4,2,PLIL23-1959,99.47,118.294,145.4,103.62,2.764162507,NA,50.24,236.588,23.7,0.186,9.303239475,2017
PLNDP250123Y,5,2,PLIL22-3365,92.16,118.294,153.2,95.25,2.54088476,NA,30.96,118.294,30.2,0.068,3.401184324,2032
PLNDP170253Y,6,2,PLIL21-6257,95.66,118.294,136.2,159.97,4.267352599,27.2,NA,NA,28.5,0.188,9.403274308,2033
PLNDP250184G,7,2,PLIL23-959,93.57,118.294,145.8,103.68,2.765763065,24.5,NA,NA,27.9,0.195,9.753396224,2048
PLNDP250159Y,8,2,PLIL23-1608,173.17,236.588,173.9,421.47,11.24311496,21.5,NA,NA,25.6,0.173,8.65301306,2049
PLNDP170054Y,9,2,PLIL23-3635,174.45,236.588,160.3,178.92,4.772861955,28.2,NA,NA,32.6,0.415,20.75722786,2064
PLNDP250189G,10,2,PLIL23-3635,92.47,118.294,137,111.77,2.981571544,27.5,NA,NA,31.4,0.3,15.00522496,2065
PLNDP250093Y,11,2,PLIL19-6432,64.32,78.862,135.3,74.7,1.992693875,26,NA,NA,34.2,0.798,39.91389839,2080
PLNDP170111G,12,2,PLIL23-524,NA,NA,146.8,16.3,0.434818074,24.9,NA,NA,27.3,0.266,13.3046328,2081
PLNDP250041Y,13,2,PLIL23-2942,173.46,236.588,135.5,222.93,5.946870756,21.6,NA,NA,31.1,0.332,16.60578229,2096
PLNDP120083Y,14,2,PLIL21-4039,163.21,236.588,142.1,167.59,4.47062338,25.2,NA,NA,27.4,0.317,15.85552104,2097
PLNDP170027G,15,2,PLIL23-1632,19.53,59.147,159.2,19.57,0.522048449,NA,NA,NA,28.8,0.167,8.352908561,2112
PLNDP250165Y,16,2,PLIL23-3675,83.46,118.294,177.6,83.46,2.226375245,30.7,NA,NA,28.6,0.466,23.3081161,2113
PLNDP250038Y,17,2,PLIL23-1775,62.22,78.862,152.3,65.53,1.748075363,21.6,NA,NA,28.8,0.458,22.90797677,2128
PLNDP170182Y,18,2,PLIL23-3731,68.58,78.862,177.5,75.27,2.007899169,24.1,NA,NA,29.3,0.284,14.2049463,2129
PLNDP250164Y,19,2,PLIL23-3576,168.54,236.588,168.7,251.94,6.720740225,25.2,NA,NA,33.5,0.434,21.70755878,2144
PLNDP170336G,20,2,PLIL23-3857,51.21,59.147,164.5,59.07,1.57574869,NA,75.08,236.588,29.5,0.174,8.703030477,2145
PLNDP250062Y,21,2,PLIL23-3572,91.3,118.294,158.1,101.89,2.718013104,28.8,NA,NA,25.9,0.456,22.80794194,2160
PLNDP170156Y,22,2,PLIL21-5955,92.53,118.294,176,115.09,3.070135717,25.7,NA,NA,27.1,0.66,33.01149491,2161
PLNDP120083Y,23,2,PLIL23-1450,174.85,236.588,154.7,211.94,5.653702005,29.6,NA,NA,31.6,1.166,58.32030768,2176
PLNDP170133G,24,2,PLIL23-3443,46.87,59.147,139.8,47.92,1.278311787,26.6,NA,NA,30.5,0.269,13.45468505,2177
PLNDP250073Y,25,2,PLIL23-1959,NA,NA,138.4,28.92,0.771468633,27.7,NA,NA,30.2,0.464,23.20808127,2192
PLNDP170101G,26,2,PLIL23-1462,47.41,59.147,140.8,51.24,1.366875959,NA,72.66,236.588,28,0.103,5.151793903,2193
PLNDP150412G,27,2,PLIL23-1666,164.11,236.588,110.5,180.98,4.827814424,28.2,NA,NA,32.9,0.294,14.70512046,2208
PLNDP150070G,28,2,PLIL22-2231,NA,NA,125.5,38.56,1.028624843,26.1,NA,NA,30.8,0.404,20.20703628,2209
PLNDP250048Y,29,2,PLIL23-739,177.11,236.588,161.4,507.47,13.53724713,27.3,NA,NA,35.9,0.814,40.71417706,2224
PLNDP250114G,30,2,PLIL23-621,185.77,236.588,168.6,637.59,17.00832246,29,NA,NA,26.4,0.926,46.31612771,2225
PLNDP170031G,31,2,PLIL23-247,NA,NA,162.4,29.74,0.793342916,23.8,NA,NA,26,0.367,18.35639187,2240
PLNDP250149G,32,2,PLIL23-4722,92.74,118.294,151.7,100.99,2.694004744,28.4,NA,NA,28.2,0.446,22.30776777,2241
PLNDP250078Y,33,2,PLIL20-1037,163.95,236.588,134.7,167.97,4.480760243,29.1,NA,NA,30.2,0.783,39.16363715,2256
PLNDP250096Y,34,2,PLIL23-3754,29.19,59.147,126.3,30.79,0.821352669,25.4,NA,NA,31.2,1.001,50.06743395,2257
PLNDP170094Y,35,2,PLIL20-8320,90.66,118.294,159.9,104.94,2.799374769,29.3,NA,NA,30.1,0.597,29.86039767,2272
PLNDP170350Y,36,2,PLIL23-739,174.69,236.588,185.8,270.78,7.223315226,26.1,NA,NA,33.1,0.773,38.66346298,2273
PLNDP150210Y,37,2,PLIL23-1450,64.44,78.862,157.4,76.73,2.046846064,30.2,NA,NA,30.8,0.464,23.20808127,2288
PLNDP250067Y,38,2,PLIL23-377,93.4,118.294,182,121.45,3.239794794,25,NA,NA,30.1,0.959,47.96670246,2289
PLNDP250134G,39,2,PLIL21-4178,164.12,236.588,140.3,164.47,4.387394398,30.1,NA,NA,32.7,1.02,51.01776486,2304
PLNDP250070Y,40,2,PLIL23-260,89.6,118.294,166.8,104.63,2.791105222,26.6,NA,NA,27.8,0.68,34.01184324,2305
PLNDP150106G,41,2,PLIL20-746,84.34,118.294,141.4,86.18,2.298933844,28.2,NA,NA,32,0.755,37.76314948,2320
PLNDP250172Y,42,2,PLIL23-4469,NA,NA,149,46.22,1.232962662,29.5,NA,NA,31.7,0.997,49.86736428,2321
PLNDP250031Y,43,2,PLIL23-1228,64.62,78.862,163.5,68.25,1.820633962,28.6,NA,NA,29.7,1.051,52.56830478,2336
PLNDP250154Y,44,2,PLIL23-2443,92.5,118.294,165.8,109.53,2.921817404,27.2,NA,NA,29.9,1.692,84.62946877,2337
PLNDP170151Y,45,2,PLIL23-2371,90.81,118.294,140.8,152.58,4.070217288,29.6,NA,NA,36,1.684,84.22932944,2352
PLND DAWN,46,2,PLIL23-1638,170.09,236.588,147.2,170.74,4.554652639,28.8,NA,NA,33.8,0.935,46.76628446,2353
PLNDP170252Y,47,2,PLIL19-4556,178.19,236.588,125.9,193.89,5.172201009,28.5,NA,NA,32.7,0.686,34.31194774,2368
PLNDP170350Y,48,2,PLIL23-1547,171.08,236.588,173.5,219.42,5.853238152,28.5,NA,NA,27.7,0.865,43.2650653,2369
PLNDP170031G,49,2,PLIL22-1256,61.45,78.862,147.9,79.07,2.1092678,27.3,NA,NA,28.9,0.708,35.41233091,2384
PLNDP250084Y,50,2,PLIL19-5336,170.8,236.588,157.8,309.17,8.247405157,29.8,NA,NA,33.4,1.236,61.82152683,2385
PLNDP170057G,51,2,PLIL22-6264,87.71,118.294,128.8,140.77,3.755174254,27.8,NA,NA,30.8,0.669,33.46165166,2400
PLNDP250131Y,2,3,PLIL23-911,169.69,236.588,162.4,588.53,15.69960008,NA,45.42,236.588,28.6,0.134,6.702333815,2002
PLNDP170028G,3,3,PLIL23-422,44.95,59.147,165.5,43.85,1.169740648,25.4,NA,NA,32.6,0.266,13.3046328,2015
PLNDP250120G,4,3,PLIL20-6928,NA,NA,157.5,43.25,1.153735075,NA,37.99,118.294,27.2,0.067,3.351166908,2018
PLNDP150231Y,5,3,PLIL23-3730,167.58,118.294,151.2,181.14,4.832082576,NA,64.11,236.588,25.6,0.163,8.152838895,2031
PLNDP170004G,6,3,PLIL23-3627,45.34,59.147,152.2,47.57,1.268975202,NA,70.63,236.588,32.3,0.14,7.002438315,2034
PLNDP250100Y,7,3,PLIL23-3443,168.88,236.588,158.5,388.34,10.35934055,NA,56.62,236.588,24.7,0.13,6.502264149,2047
PLNDP250152Y,8,3,PLIL19-7048,17.12,59.147,141.9,16.91,0.451090407,NA,65.39,236.588,28.1,0.103,5.151793903,2050
PLNDP150231Y,9,3,PLIL23-3730,NA,NA,136.2,25.7,0.685572056,24,NA,NA,28,0.549,27.45956168,2063
PLNDP250164Y,10,3,PLIL23-3576,46.23,59.147,136.9,53.91,1.43810076,30.7,NA,NA,23.6,0.394,19.70686211,2066
PLNDP170133G,11,3,PLIL23-423,7.55,59.147,150.6,7.08,0.188865765,NA,NA,NA,30.1,0.191,9.553326558,2079
PLNDP250133G,12,3,PLIL23-1859,97.25,118.294,148.9,110.92,2.958896982,22,NA,NA,26.6,0.884,44.21539622,2082
PLNDP250057G,13,3,PLIL23-1644,NA,NA,131.8,17.4,0.464161625,NA,57.62,236.588,24.1,0.111,5.551933235,2095
PLNDP250150G,14,3,PLIL20-8446,179.11,236.588,165.6,347.68,9.274696203,29.4,NA,NA,27.1,0.743,37.16294048,2098
PLNDP250157Y,15,3,PLIL22-4459,87.37,118.294,182.7,95.73,2.553689219,23.8,NA,NA,27.3,0.244,12.20424963,2111
PLNDP250057G,16,3,PLIL21-4043,12.36,59.147,168,11.77,0.313975996,NA,52.03,236.588,29.3,0.151,7.552629896,2114
PLNDP170001G,17,3,PLIL20-677,NA,NA,147.8,20.53,0.547657366,NA,65.3,236.588,29.8,0.164,8.202856311,2127
PLNDP250188G,18,3,PLIL23-1753,39.99,59.147,163.7,40.31,1.075307766,23.9,NA,NA,26.6,1.218,60.92121334,2130
PLNDP170099G,19,3,PLIL23-2034,62.47,78.862,159.6,70.29,1.875052911,25.6,NA,NA,29.2,0.216,10.80376197,2143
PLNDP250106G,20,3,PLIL23-1610,168.97,236.588,141.2,230.68,6.153609411,29.1,NA,NA,27.4,0.296,14.80515529,2146
PLNDP250175Y,21,3,PLIL23-251,171.65,236.588,198.5,356.63,9.513446004,28,NA,NA,28.7,0.263,13.15458055,2159
PLNDP250086Y,22,3,PLIL23-251,178.05,236.588,203.3,406.76,10.85071165,27.5,NA,NA,27.7,0.348,17.40606095,2162
PLNDP250172Y,23,3,PLIL23-939,167.33,236.588,151.2,378.18,10.08831285,34.5,NA,NA,28.3,0.764,38.21330623,2175
PLNDP250028Y,24,3,PLIL23-1531,168.77,236.588,145.1,267.83,7.144621157,28.1,NA,NA,30.9,0.929,46.46617996,2178
PLNDP250174Y,25,3,PLIL22-4169,88.87,118.294,134.3,116.49,3.107482054,28.7,NA,NA,33.7,0.651,32.56133816,2191
PLNDP250070Y,26,3,PLIL23-4835,NA,NA,136.4,24.54,0.654627948,26.1,NA,NA,28.2,0.445,22.25775036,2194
PLNDP150412G,27,3,PLIL21-4178,55.36,78.862,130.4,55.3,1.475180338,29,NA,NA,37,0.467,23.35813352,2207
PLNDP250132Y,28,3,PLIL23-1163,NA,NA,148.6,40.12,1.070239334,23.9,NA,NA,30.4,0.435,21.75757619,2210
PLNDP250144G,29,3,PLIL23-2458,94.26,118.294,179,136.52,3.641801443,27.8,NA,NA,29.1,0.538,26.90937009,2223
PLNDP150179Y,30,3,PLIL23-3838,164.32,236.588,135.5,269.86,7.198773347,31,NA,NA,34.5,0.978,48.91703337,2226
PLNDP170133G,31,3,PLIL23-763,63.45,78.862,176.6,64.51,1.720865888,28.7,NA,NA,32.8,0.315,15.75548621,2239
PLNDP250174Y,32,3,PLIL23-1669,169.85,236.588,147.8,322.31,8.597927212,31.9,NA,NA,33.1,0.568,28.40989259,2242
PLNDP250071Y,33,3,PLIL23-4746,174.46,236.588,132.5,227.89,6.079183495,30.7,NA,NA,27.5,0.939,46.96635412,2255
PLNDP150476G,34,3,PLIL23-4118,61.98,78.862,141.3,76.29,2.035108644,28.8,NA,NA,30.6,0.89,44.51550071,2258
PLNDP250027G,35,3,PLIL23-1847,67.29,78.862,133.3,76.26,2.034308365,27.2,NA,NA,30.4,0.718,35.91250507,2271
PLNDP170094Y,36,3,PLIL20-6928,NA,NA,161.5,38.11,1.016620664,28.1,NA,NA,32.5,0.434,21.70755878,2274
PLNDP250130Y,37,3,PLIL23-4554,95.3,118.294,145.3,105.92,2.825517205,29.4,NA,NA,32.2,0.484,24.2084296,2287
PLNDP170350Y,38,3,PLIL19-2033,95.78,118.294,172.5,168.04,4.48262756,28.8,NA,NA,28.7,1.228,61.4213875,2290
PLNDP250109G,39,3,PLIL23-558,173.16,236.588,156.5,182.62,4.871562991,29.9,NA,NA,28.6,0.545,27.25949201,2303
PLNDP250159Y,40,3,PLIL23-1608,NA,NA,NA,NA,0,NA,NA,NA,NA,NA,0,2306
PLNDP250170Y,41,3,PLIL21-5956,NA,NA,NA,NA,0,NA,NA,NA,NA,NA,0,2319
PLNDP120083Y,42,3,PLIL23-1806,NA,NA,NA,NA,0,NA,NA,NA,NA,NA,0,2322
PLNDP170056G,43,3,PLIL23-4572,NA,NA,NA,NA,0,NA,NA,NA,NA,NA,0,2335
PLNDP250084Y,44,3,PLIL22-2364,NA,NA,NA,NA,0,NA,NA,NA,NA,NA,0,2338
PLNDP170052G,45,3,PLIL23-445,NA,NA,NA,NA,0,NA,NA,NA,NA,NA,0,2351
PLNDP250168Y,46,3,PLIL15-2064,NA,NA,NA,NA,0,NA,NA,NA,NA,NA,0,2354
PLNDP250069Y,47,3,PLIL23-612,NA,NA,NA,NA,0,NA,NA,NA,NA,NA,0,2367
PLNDP250029Y,48,3,PLIL22-4169,NA,NA,NA,NA,0,NA,NA,NA,NA,NA,0,2370
PLNDP250183G,49,3,PLIL21-4020,NA,NA,NA,NA,0,NA,NA,NA,NA,NA,0,2383
PLNDP250110G,50,3,PLIL23-3826,85.34,118.294,136,92.62,2.470726997,30,NA,NA,33.4,0.828,41.41442089,2386
PLNDP170183Y,51,3,PLIL23-1644,177.78,236.588,155.3,181.96,4.85395686,29.3,NA,NA,30.7,0.808,40.41407256,2399
PLNDP160188Y,2,4,PLIL23-509,183.13,236.588,157.3,478.07,12.75297404,26.5,NA,NA,27.2,0.318,15.90553846,2003
PLNDP250090Y,3,4,PLIL23-739,174.97,236.588,160.8,561.48,14.97801549,23.5,NA,NA,30.2,0.173,8.65301306,2014
PLNDP250073Y,4,4,PLIL23-1959,173.72,236.588,156,444.22,11.84999295,24.4,NA,NA,26.2,0.258,12.90449347,2019
PLNDP250095Y,5,4,PLIL23-3576,184.4,236.588,133.6,386.41,10.30785596,25.2,NA,NA,30.5,0.29,14.50505079,2030
PLNDP170200Y,6,4,PLIL23-1638,175.98,236.588,149.7,202.99,5.414952204,26.7,NA,NA,28.9,0.299,14.95520754,2035
PLNDP170202Y,7,4,PLIL23-1644,180.5,236.588,133.9,297.44,7.934496199,26.9,NA,NA,27.6,0.4,20.00696661,2046
PLNDP170101G,8,4,PLIL23-2235,64.72,78.862,144.7,76.59,2.043111431,29.9,NA,NA,32.5,0.379,18.95660087,2051
PLNDP250147G,9,4,PLIL23-1165,165.22,236.588,148.8,169.09,4.510637313,27.1,NA,NA,26.2,0.438,21.90762844,2062
PLNDP250096Y,10,4,PLIL23-3621,173.76,236.588,134.4,215.91,5.759605549,24.8,NA,NA,31.4,0.383,19.15667053,2067
PLND DAWN,11,4,PLIL23-4144,64.49,78.862,157.5,77.93,2.078857211,26,NA,NA,33.3,0.251,12.55437155,2078
PLNDP250133G,12,4,PLIL23-1410,64.35,78.862,146.6,70.46,1.879587823,NA,75.79,236.588,30.9,0.17,8.502960811,2083
PLNDP250074Y,13,4,PLIL23-1421,184.89,236.588,147.9,295.27,7.876609376,28,NA,NA,27.9,0.398,19.90693178,2094
PLNDP170110Y,14,4,PLIL23-1613,NA,NA,166.1,20.03,0.534319388,NA,65.95,236.588,29.8,0.091,4.551584904,2099
PLNDP250059Y,15,4,PLIL22-2364,NA,NA,NA,NA,0,NA,NA,NA,NA,NA,0,2110
PLNDP121714R,16,4,PLIL20-6928,NA,NA,NA,NA,0,NA,NA,NA,NA,NA,0,2115
PLNDP250085Y,17,4,PLIL23-4554,92.91,118.294,153.8,105.33,2.809778391,NA,81.98,236.588,32.5,0.161,8.052804062,2126
PLNDP170011G,18,4,PLIL23-2134,NA,NA,141.6,14.98,0.399605813,28,NA,NA,32.7,0.447,22.35778519,2131
PLNDP170322Y,19,4,PLIL22-948,91.22,118.294,169.1,111.94,2.986106457,28.8,NA,NA,28.2,0.341,17.05593904,2142
PLNDP250121Y,20,4,PLIL23-271,170.21,236.588,199.2,408.12,10.88699095,28.3,NA,NA,28.5,0.881,44.06534397,2147
PLNDP250139G,21,4,PLIL23-1422,172.25,236.588,160,532.3,14.1996111,28.7,NA,NA,33.1,0.742,37.11292307,2158
PLNDP250066Y,22,4,PLIL23-3710,170.96,236.588,183.1,233.47,6.228035327,24.6,NA,NA,25.3,0.614,30.71069375,2163
PLNDP250165Y,23,4,PLIL23-1608,170.6,236.588,188.4,207.33,5.530725851,28.3,NA,NA,27.5,0.638,31.91111175,2174
PLNDP250179Y,24,4,PLIL23-1815,66.05,78.862,155,69.54,1.855045944,27.4,NA,NA,29.1,0.872,43.61518722,2179
PLNDP250137G,25,4,PLIL19-1222,NA,NA,156.3,31.3,0.834957407,29.4,NA,NA,30.5,0.415,20.75722786,2190
PLNDP170111G,26,4,PLIL23-1608,NA,NA,25,5.2,0.138714969,NA,78.26,236.588,28.4,0.156,7.802716979,2195
PLNDP250140G,27,4,PLIL19-2673,172.96,236.588,143.4,196.57,5.24369257,29.2,NA,NA,26.2,0.676,33.81177358,2206
PLNDP250082Y,28,4,PLIL20-615,160.91,236.588,151.6,161.7,4.313502002,29.9,NA,NA,27.4,0.555,27.75966618,2211
PLNDP250133G,29,4,PLIL23-4554,172.47,236.588,157,293.04,7.817121995,30.4,NA,NA,32.9,0.731,36.56273149,2222
PLNDP250114G,30,4,PLIL23-2371,173.27,236.588,159.3,543.39,14.49544745,32.2,NA,NA,34.1,1.23,61.52142234,2227
PLNDP250039Y,31,4,PLIL23-3572,170.81,236.588,180.2,318.55,8.497625619,28.9,NA,NA,27.8,0.548,27.40954426,2238
PLNDP250046Y,32,4,PLIL23-3751,92.76,118.294,162,117.81,3.142694316,29.1,NA,NA,30.5,0.705,35.26227866,2243
PLNDP250164Y,33,4,PLIL21-8143,40.55,59.147,135.5,42.92,1.144932009,32.1,NA,NA,34.9,1.138,56.91982001,2254
PLNDP250149G,34,4,PLIL23-621,42.37,59.147,134.2,43.8,1.16840685,30.4,NA,NA,30.7,1.129,56.46966327,2259
PLNDP170336G,35,4,PLIL23-4049,NA,NA,123.3,38.11,1.016620664,27.8,NA,NA,28,0.421,21.05733236,2270
PLNDP250058G,36,4,PLIL22-1256,NA,NA,129.6,11.05,0.294769308,28.2,NA,NA,31.8,0.793,39.66381131,2275
PLNDP250054G,37,4,PLIL23-1450,44.58,59.147,144.5,45.03,1.201218275,29.6,NA,NA,29.4,0.448,22.40780261,2286
PLNDP170110Y,38,4,PLIL22-3262,94.92,118.294,154.9,139.56,3.722896347,27.7,NA,NA,29.6,0.761,38.06325398,2291
PLNDP170084G,39,4,PLIL22-2850,94.89,118.294,137.1,126.6,3.377175964,29.4,NA,NA,27.6,0.608,30.41058925,2302
PLNDP250170Y,40,4,PLIL23-4469,171.83,236.588,184.7,220.06,5.870310764,29.7,NA,NA,32.3,1.235,61.77150942,2307
PLNDP250176Y,41,4,PLIL22-5365,92.39,118.294,185.7,118.73,3.167236195,30.7,NA,NA,30.8,1.506,75.3262293,2318
PLNDP250146G,42,4,PLIL20-6928,93.35,118.294,143.3,138.75,3.701288823,31.5,NA,NA,33.1,1.277,63.87224091,2323
PLNDP250050Y,43,4,PLIL23-247,51.25,78.862,159.4,52.18,1.391951357,25.9,NA,NA,27.7,0.748,37.41302757,2334
PLNDP170153Y,44,4,PLIL19-4877,93.46,118.294,164.2,115.74,3.087475088,28.4,NA,NA,29.7,1.02,51.01776486,2339
PLNDP250099Y,45,4,PLIL23-3731,170.58,236.588,135.4,199.59,5.324253955,29.5,NA,NA,28.4,1.424,71.22480114,2350
PLNDP250171Y,46,4,PLIL23-4547,90.78,118.294,133,105.93,2.825783964,30,NA,NA,35.1,1.124,56.21957618,2355
PLNDP170054Y,47,4,PLIL23-2443,85.48,118.294,165.2,145.76,3.888287271,27.9,NA,NA,28.4,1.191,59.57074309,2366
PLNDP250186G,48,4,PLIL20-7841,175.06,236.588,155.7,188.53,5.029217887,30.1,NA,NA,34.2,1.146,57.31995935,2371
PLNDP250057G,49,4,PLIL22-5365,89.24,118.294,155.5,125.53,3.348632692,30.4,NA,NA,32.9,0.688,34.41198257,2382
PLNDP170057G,50,4,PLIL23-3823,87.54,118.294,134.2,149.89,3.998458968,27.8,NA,NA,35.5,1.166,58.32030768,2387
PLNDP250134G,51,4,PLIL23-1815,172.7,236.588,130.6,207.26,5.528858534,28.6,NA,NA,27.9,1.474,73.72567197,2398
PLNDP121711R,2,5,PLIL23-1651,179.55,236.588,184.3,615.93,16.43052126,28,NA,NA,30.1,0.352,17.60613062,2004
PLNDP250125Y,3,5,PLIL23-660,173.12,236.588,191.8,983.03,26.22326452,29.6,NA,NA,27.6,0.363,18.1563222,2013
PLNDP250031Y,4,5,PLIL23-4252,181.37,236.588,185.1,644.63,17.19612118,NA,NA,NA,29.3,0.382,19.10665312,2020
PLNDP250082Y,5,5,PLIL23-236,167.98,236.588,161.3,871.49,23.24782844,27.7,NA,NA,27.2,0.338,16.90588679,2029
PLNDP250102Y,6,5,PLIL23-4049,178.94,236.588,185.1,534.46,14.25723117,25.2,NA,NA,26.3,0.392,19.60682728,2036
PLNDP250074Y,7,5,PLIL23-1228,179.65,236.588,186.2,607.1,16.19497257,24,NA,NA,27.6,0.698,34.91215674,2045
PLNDP250173Y,8,5,PLIL23-669,176.85,236.588,157.7,226.28,6.036235207,26.6,NA,NA,27.3,0.428,21.40745428,2052
PLNDP170011G,9,5,PLIL23-1655,166.84,236.588,171.8,364.38,9.720184659,26.2,NA,NA,28.6,0.879,43.96530913,2061
PLNDP250028Y,10,5,PLIL23-259,170.06,236.588,167.1,306.88,8.186317219,27.1,NA,NA,30.6,0.537,26.85935268,2068
PLNDP250116G,11,5,PLIL23-1165,49.18,59.147,157.4,57.14,1.524264096,23.5,NA,NA,25.9,0.335,16.75583454,2077
PLNDP250081Y,12,5,PLIL23-660,178.41,236.588,189.7,215.04,5.736397467,25.2,NA,NA,28.4,0.351,17.5561132,2084
PLNDP250184G,13,5,PLIL23-247,45.75,59.147,147.6,46.28,1.23456322,20.9,NA,NA,24,0.304,15.20529463,2093
PLNDP250169Y,14,5,PLIL23-1815,174.11,236.588,139.4,344.89,9.200270287,21.6,NA,NA,30,0.329,16.45573004,2100
PLNDP170057G,15,5,PLIL23-3434,43.53,59.147,128.1,47.99,1.280179104,25.2,NA,NA,27.9,0.345,17.2560087,2109
PLNDP170043G,16,5,PLIL23-4572,61.1,78.862,145.8,75.83,2.022837704,27.4,NA,NA,27.6,0.4,20.00696661,2116
PLNDP150338Y,17,5,PLIL23-1847,169.57,236.588,186.4,461.95,12.32295764,23.9,NA,NA,28.7,0.521,26.05907401,2125
PLNDP140295G,18,5,PLIL23-1610,90.47,118.294,167.5,91.88,2.45098679,25.2,NA,NA,26.5,0.391,19.55680986,2132
PLNDP150119G,19,5,PLIL23-1037,88.16,118.294,162.4,132.85,3.543900686,27.2,NA,NA,28.5,0.386,19.30672278,2141
PLNDP250064Y,20,5,PLIL23-1610,NA,NA,180.3,633.66,16.90348595,25.9,NA,NA,29.1,0.653,32.661373,2148
PLNDP250160Y,21,5,PLIL21-3542,169.07,236.588,157.6,250.89,6.692730471,NA,39.13,118.294,31.6,0.07,3.501219157,2157
PLNDP121714R,22,5,PLIL21-6257,178.8,236.588,167.3,245.61,6.551881426,28.9,NA,NA,30.6,0.345,17.2560087,2164
PLNDP250135Y,23,5,PLIL23-3842,177.64,236.588,193.8,268.57,7.164361364,29.2,NA,NA,29.8,0.879,43.96530913,2173
PLNDP170322Y,24,5,PLIL23-1225,91.17,118.294,177.8,90.95,2.426178151,23.5,NA,NA,26.5,0.52,26.0090566,2180
PLND VICTORY,25,5,PLIL23-3874,NA,NA,136.8,24.61,0.656495264,23.7,NA,NA,28.9,0.627,31.36092017,2189
PLNDP250119G,26,5,PLIL23-2010,NA,NA,124,15.99,0.426548528,25.8,NA,NA,31.1,0.555,27.75966618,2196
PLNDP250081Y,27,5,PLIL19-6345,177.93,236.588,160.7,225.65,6.019429355,29.8,NA,NA,32.8,1.128,56.41964585,2205
PLNDP170273Y,28,5,PLIL23-3731,67.49,78.862,159.4,72.13,1.924136669,27.5,NA,NA,29.6,0.565,28.25984034,2212
PLNDP250155Y,29,5,PLIL23-3335,89.09,118.294,163.7,91.23,2.433647419,30.9,NA,NA,28,0.646,32.31125108,2221
PLNDP250093Y,30,5,PLIL23-1414,170.39,236.588,132,241.05,6.430239069,29.8,NA,NA,29.2,0.689,34.46199999,2228
PLNDP250030Y,31,5,PLIL19-1222,94.77,118.294,133.5,170.9,4.558920792,28.4,NA,NA,32.2,0.729,36.46269665,2237
PLNDP250150G,32,5,PLIL23-4079,172.83,236.588,125.8,175.51,4.681896947,28.1,NA,NA,30.8,0.812,40.61414222,2244
PLNDP250166Y,33,5,PLIL21-753,178.01,236.588,151.1,314.08,8.378384098,32.1,NA,NA,29,1.457,72.87537589,2253
PLNDP170322Y,34,5,PLIL23-1424,92.08,118.294,142.5,97.27,2.59477019,30.7,NA,NA,32,1.311,65.57283307,2260
PLNDP170156Y,35,5,PLIL23-3838,95.2,118.294,169,138.05,3.682615655,29.4,NA,NA,33.3,1.253,62.67182292,2269
PLND VICTORY,36,5,PLIL22-3958,65.62,78.862,138.7,74.2,1.979355897,28.4,NA,NA,30.4,1.154,57.72009868,2276
PLNDP250160Y,37,5,PLIL23-1450,45.04,59.147,147.7,45.42,1.211621898,30.4,NA,NA,29.6,0.764,38.21330623,2285
PLNDP170022G,38,5,PLIL23-1628,NA,NA,150.2,5.76,0.153653504,NA,89.07,236.588,32.2,0.182,9.103169809,2292
PLNDP170099G,39,5,PLIL23-1462,NA,NA,153,17.28,0.460960511,29.4,NA,NA,29.3,0.247,12.35430188,2301
PLNDP250055G,40,5,PLIL23-2751,173.87,236.588,162.5,209.6,5.591280269,27.5,NA,NA,28.4,1.046,52.31821769,2308
PLNDP250072Y,41,5,PLIL23-267,177.59,236.588,157.6,327.77,8.743577929,27.6,NA,NA,27.8,1.181,59.07056893,2317
PLNDP250166Y,42,5,PLIL23-3669,93.06,118.294,153.4,95.17,2.538750683,30,NA,NA,29.7,1.027,51.36788678,2324
PLNDP170190Y,43,5,PLIL23-2235,NA,NA,149.5,35.33,0.942461507,29.9,NA,NA,29.7,0.453,22.65788969,2333
PLNDP150223G,44,5,PLIL23-3576,89.75,118.294,177.8,144.82,3.863211873,30.7,NA,NA,34.1,0.892,44.61553555,2340
PLNDP250154Y,45,5,PLIL19-4877,177.83,236.588,153.4,231.41,6.173082859,31.1,NA,NA,32.5,1.613,80.67809287,2349
PLNDP250094Y,46,5,PLIL23-971,166.04,236.588,144,242.87,6.478789308,28.1,NA,NA,27.4,0.782,39.11361973,2356
PLNDP250111G,47,5,PLIL23-1847,88.71,118.294,141.2,91.33,2.436315014,29.2,NA,NA,33.8,1.257,62.87189258,2365
PLNDP250073Y,48,5,PLIL23-268,174.88,236.588,153.4,196.7,5.247160444,26.4,NA,NA,27.6,0.8,40.01393323,2372
PLNDP250051Y,49,5,PLIL23-247,64.2,78.862,157.9,85.75,2.287463183,25.8,NA,NA,26.6,0.914,45.71591871,2381
PLNDP250033Y,50,5,PLIL23-1859,174.54,236.588,112.9,203.25,5.421887952,27.4,NA,NA,30.3,1.61,80.52804062,2388
PLNDP170057G,51,5,PLIL22-2364,80.55,118.294,162.1,103.61,2.763895748,30.8,NA,NA,31.1,1.316,65.82292016,2397
PLNDP170111G,2,6,PLIL23-1623,90,118.294,181.6,148.12,3.951242526,NA,65.88,236.588,29.2,0.154,7.702682146,2005
PLNDP250164Y,3,6,PLIL23-3673,174.36,236.588,168.5,418.71,11.16948932,26.7,NA,NA,28.5,0.308,15.40536429,2012
PLNDP250187G,4,6,PLIL23-1209,170.06,236.588,146.2,341.54,9.110905836,23.1,NA,NA,27.5,0.682,34.11187808,2021
PLNDP250112G,5,6,PLIL23-445,178.99,236.588,173.9,544.81,14.53332731,24.2,NA,NA,29.4,0.754,37.71313207,2028
PLNDP250115G,6,6,PLIL23-1165,172.48,236.588,161.7,356.54,9.511045168,24.9,NA,NA,25.6,0.393,19.6568447,2037
PLNDP170185Y,7,6,PLIL23-4721,185.25,236.588,193,217.47,5.801220039,26.8,NA,NA,24.3,0.51,25.50888243,2044
PLNDP150106G,8,6,PLIL23-3565,81.64,118.294,138.2,82.06,2.189028907,28.9,NA,NA,27.5,0.558,27.90971843,2053
PLNDP250189G,9,6,PLIL23-3874,50.25,59.147,159.2,58.07,1.549072735,26.7,NA,NA,25.8,0.967,48.36684179,2060
PLNDP250163Y,10,6,PLIL23-1228,183.67,236.588,157,474.07,12.64627022,24.5,NA,NA,25.7,0.689,34.46199999,2069
PLNDP250160Y,11,6,PLIL21-3542,94.28,118.294,165.6,95.44,2.545953191,NA,75.43,236.588,26.1,0.152,7.602647313,2076
PLNDP250050Y,12,6,PLIL22-1019,89.148,118.294,152.2,90.4,2.411506376,25.4,NA,NA,28.7,0.409,20.45712336,2085
PLNDP250172Y,13,6,PLIL23-723,185.23,236.588,149.6,325.49,8.682756751,26.9,NA,NA,37.1,0.819,40.96426414,2092
PLNDP150179Y,14,6,PLIL23-558,171.36,236.588,125,172.94,4.613339741,27.8,NA,NA,24.1,0.938,46.91633671,2101
PLNDP250080Y,15,6,PLIL23-3655,83.25,118.294,137.1,82.57,2.202633644,30,NA,NA,28.2,0.524,26.20912626,2108
PLNDP170039G,16,6,PLIL23-652,183.58,236.588,155.9,198.38,5.291976049,27.6,NA,NA,30,1.072,53.61867052,2117
PLNDP170011G,17,6,PLIL23-2134,45.49,59.147,140.7,44.81,1.195349565,28.1,NA,NA,30.2,0.656,32.81142525,2124
PLNDP170028G,18,6,PLIL23-951,89.97,118.294,152.5,94.47,2.520077515,26.8,NA,NA,23.6,0.36,18.00626995,2133
PLNDP170011G,19,6,PLIL23-957,99.48,118.294,139.8,149.56,3.989655902,26.9,NA,NA,26.8,0.83,41.51445572,2140
PLNDP250136G,20,6,PLIL23-3874,175.52,236.588,144.8,213.58,5.697450572,26.6,NA,NA,31.6,0.927,46.36614513,2149
PLNDP250045Y,21,6,PLIL23-911,171.65,236.588,160.6,392.27,10.46417706,26.7,NA,NA,27.4,0.671,33.56168649,2156
PLNDP250137G,22,6,PLIL23-1531,175.22,236.588,171.7,386,10.29691882,29.4,NA,NA,28.9,1.088,54.41894919,2165
PLNDP170328G,23,6,PLIL21-4011,67.71,78.862,182.5,74.82,1.995894989,NA,NA,NA,28.9,0.017,0.850296081,2172
PLNDP250113G,24,6,PLIL23-3829,46.4,59.147,132,45.62,1.216957089,28.7,NA,NA,31.8,0.864,43.21504788,2181
PLNDP170084G,25,6,PLIL23-543,41.44,59.147,135,43.98,1.173208522,27.5,NA,NA,28.5,0.502,25.1087431,2188
PLNDP250031Y,26,6,PLIL23-4252,NA,NA,118.9,12.68,0.338251116,29.1,NA,NA,32.8,0.362,18.10630478,2197
PLNDP250124Y,27,6,PLIL20-746,62.61,78.862,159.9,86.52,2.308003668,30.2,NA,NA,26.9,0.608,30.41058925,2204
PLNDP250035G,28,6,PLIL23-2021,65.38,78.862,151.2,69.67,1.858513819,26.3,NA,NA,30.7,0.789,39.46374164,2213
PLNDP250150G,29,6,PLIL22-1423,NA,NA,141.8,32.6,0.869636149,29.1,NA,NA,33.5,0.79,39.51375906,2220
PLNDP250047Y,30,6,PLIL23-1364,62.48,118.294,132.4,334.99,8.936178328,26.7,NA,NA,25.9,0.85,42.51480405,2229
PLNDP170202Y,31,6,PLIL23-3337,91.23,118.294,138.6,90.93,2.425644632,28.4,NA,NA,26.4,0.429,21.45747169,2236
PLNDP250122Y,32,6,PLIL23-4721,NA,NA,157.1,51.43,1.371944391,29.6,NA,NA,28.3,0.567,28.35987517,2245
PLNDP250123Y,33,6,PLIL22-3365,NA,NA,149.3,32.2,0.858965767,30,NA,NA,32.8,0.739,36.96287082,2252
PLNDP250183G,34,6,PLIL23-660,NA,NA,124.9,4.13,0.110171696,31.1,NA,NA,28.6,1.262,63.12197966,2261
PLNDP150084Y,35,6,PLIL23-1613,83.82,118.294,204.6,84,2.240780261,31.4,NA,NA,32.9,0.707,35.36231349,2268
PLNDP160129G,36,6,PLIL23-1414,89.39,118.294,117.1,93.96,2.506472777,28,NA,NA,29.3,0.725,36.26262699,2277
PLNDP250053G,37,6,PLIL23-1614,160.07,236.588,137.5,164.32,4.383393005,29.8,NA,NA,28.9,1.036,51.81804353,2284
PLNDP250064Y,38,6,PLIL23-2554,89.8,118.294,163.9,98.56,2.629182173,29.1,NA,NA,28.6,1.049,52.46826994,2293
PLNDP250098Y,39,6,PLIL23-524,95.63,118.294,172.1,135.06,3.602854548,28.9,NA,NA,28.3,0.972,48.61692887,2300
PLNDP250106G,40,6,PLIL23-4118,89.05,118.294,120.1,88.89,2.371225683,28.9,NA,NA,32.3,1.156,57.82013351,2309
PLNDP170322Y,41,6,PLIL23-3673,NA,NA,132.4,13.42,0.357991323,30.7,NA,NA,27.5,0.806,40.31403773,2316
PLNDP170094Y,42,6,PLIL23-445,95.42,118.294,161.4,137.12,3.657807016,26.7,NA,NA,29.1,0.749,37.46304498,2325
PLNDP170190Y,43,6,PLIL22-1019,NA,NA,124,25.47,0.679436586,29.3,NA,NA,32.5,0.927,46.36614513,2332
PLNDP250092Y,44,6,PLIL23-763,209.35,236.588,171.9,177.38,4.731780984,27.9,NA,NA,35.2,1.225,61.27133525,2341
PLNDP250074Y,45,6,PLIL23-1614,97.14,118.294,191.6,123.25,3.287811513,31.6,NA,NA,31.2,1.619,80.97819737,2348
PLNDP250138G,46,6,PLIL23-661,177.58,236.588,143,290.26,7.742962839,30.6,NA,NA,31.2,1.196,59.82083017,2357
PLNDP250069Y,47,6,PLIL22-5365,44.68,59.147,144,44.59,1.189480855,30.4,NA,NA,33.9,1.068,53.41860086,2364
PLNDP250161Y,48,6,PLIL23-1657,98.58,118.294,165.7,132.18,3.526027796,28.9,NA,NA,30.9,0.609,30.46060667,2373
PLNDP150476G,49,6,PLIL23-4542,180.46,236.588,151.1,288.49,7.695746398,31.2,NA,NA,31.8,1.396,69.82431348,2380
PLNDP170006G,50,6,PLIL20-8446,67.13,78.862,136.3,68.62,1.830504065,27.6,NA,NA,29.8,0.439,21.95764586,2389
PLNDP250048Y,51,6,PLIL21-5956,184.96,236.588,138.7,317.06,8.457878446,31.1,NA,NA,32.4,1.636,81.82849345,2396
PLNDP120083Y,2,7,PLIL23-1806,180.06,236.588,181,918.73,24.50800058,NA,56.52,236.588,24.9,0.122,6.102124817,2006
PLNDP170153Y,3,7,PLIL23-2253,176.15,236.588,185.9,765.54,20.42151096,25.1,NA,NA,28.8,0.186,9.303239475,2011
PLNDP250113G,4,7,PLIL23-1657,175.86,236.588,174.4,574.61,15.32827078,25.8,NA,NA,29.7,0.218,10.9037968,2022
PLNDP150228Y,5,7,PLIL23-2235,173,236.588,185.3,232.53,6.202959929,26.5,NA,NA,32.1,0.267,13.35465021,2027
PLNDP250051Y,6,7,PLIL23-965,179.46,236.588,189.7,337.88,9.013271839,28.4,NA,NA,26.1,0.518,25.90902176,2038
PLNDP250162Y,7,7,PLIL23-3669,176.64,236.588,169.1,412.23,10.99662913,30.1,NA,NA,29.6,0.58,29.01010159,2043
PLNDP150476G,8,7,PLIL19-5467,97.55,118.294,142.1,133.76,3.568175806,28.5,NA,NA,28.7,0.701,35.06220899,2054
PLNDP250033Y,9,7,PLIL23-267,91.67,118.294,134.3,138.81,3.702889381,NA,NA,NA,28.1,0.014,0.700243831,2059
PLNDP250034Y,10,7,PLIL23-906,182.11,236.588,137.8,314.16,8.380518175,27.7,NA,NA,26.4,0.689,34.46199999,2070
PLNDP250091Y,11,7,PLIL23-1163,97.43,118.294,147.3,139.1,3.710625408,26.9,NA,NA,30.9,0.882,44.11536138,2075
PLNDP160188Y,12,7,PLIL23-3621,180.18,236.588,144.3,373.25,9.956800384,31.7,NA,NA,31.8,0.625,31.26088533,2086
PLNDP170156Y,13,7,PLIL23-971,193.82,236.588,161.5,160.88,4.291627718,28.4,NA,NA,27.8,1.065,53.26854861,2091
PLNDP250089Y,14,7,PLIL20-8446,231.19,236.588,176.9,522.7,13.94352193,30.2,NA,NA,30.9,0.805,40.26402031,2102
PLNDP170161Y,15,7,PLIL23-1228,NA,NA,152.4,8.6,0.229413217,28.1,NA,NA,30.9,0.423,21.15736719,2107
PLNDP170012G,16,7,PLIL21-5956,164.86,236.588,154.8,167.02,4.455418085,29,NA,NA,31.7,0.632,31.61100725,2118
PLNDP170153Y,17,7,PLIL21-5955,43.23,59.147,148.3,42.71,1.139330059,NA,44.87,236.588,25.8,0.396,19.80689695,2123
PLNDP250044Y,18,7,PLIL23-4555,176,236.588,164.8,216.58,5.777478439,30.1,NA,NA,30.8,1.142,57.11988968,2134
PLNDP250120G,19,7,PLIL20-6928,181.53,236.588,166,201.36,5.371470396,29.4,NA,NA,32.2,1.289,64.47244991,2139
PLNDP250036Y,20,7,PLIL23-1115,178.32,236.588,163.7,266.85,7.118478721,29.1,NA,NA,31.8,0.598,29.91041509,2150
PLNDP170039G,21,7,PLIL23-923,NA,NA,NA,NA,0,NA,NA,NA,NA,NA,0,2155
PLNDP250116G,22,7,PLIL23-2371,182.4,236.588,135.3,286.32,7.637859574,29.7,NA,NA,35.1,0.878,43.91529172,2166
PLNDP170177Y,23,7,PLIL23-612,64.34,78.862,135.9,73.35,1.956681335,28.2,NA,NA,29.5,0.525,26.25914368,2171
PLNDP250139G,24,7,PLIL23-1422,175.05,236.588,148.3,206.07,5.497114147,37.7,NA,NA,30.6,0.491,24.55855152,2182
PLNDP250051Y,25,7,PLIL23-423,NA,NA,159.4,12,0.320111466,24.3,NA,NA,26.8,0.273,13.65475471,2187
PLNDP150232Y,26,7,PLIL23-1623,NA,NA,182.2,20.31,0.541788656,27.4,NA,NA,28.8,0.426,21.30741944,2198
PLNDP170084G,27,7,PLIL22-2662,51.86,59.147,119.6,55.87,1.490385633,27.5,NA,NA,26.8,0.77,38.51341073,2203
PLNDP170161Y,28,7,PLIL23-1547,180.25,236.588,188.1,380.59,10.1526019,29.8,NA,NA,28.9,0.939,46.96635412,2214
PLNDP250166Y,29,7,PLIL17-1704,90.95,118.294,163.3,132.26,3.528161872,30.6,NA,NA,34.5,0.872,43.61518722,2219
PLNDP250068Y,30,7,PLIL23-3826,175.66,236.588,162.7,182.46,4.867294838,28.5,NA,NA,33.4,0.874,43.71522205,2230
PLND DAWN,31,7,PLIL22-2662,NA,NA,141.3,25.11,0.669833242,32.2,NA,NA,27.1,0.54,27.00940493,2235
PLNDP150106G,32,7,PLIL19-5467,62.08,78.862,102.8,61.64,1.644305896,27.9,NA,NA,26.5,0.662,33.11152974,2246
PLNDP250027G,33,7,PLIL23-939,97.91,118.294,113.4,121.34,3.236860438,28.1,NA,NA,28.4,0.828,41.41442089,2251
PLNDP250118G,34,7,PLIL23-951,NA,NA,117.2,3.87,0.103235948,28.7,NA,NA,30.1,1.29,64.52246733,2262
PLNDP170273Y,35,7,PLIL23-3842,62.44,78.862,125.2,75.87,2.023904743,28.8,NA,NA,29.3,0.844,42.21469955,2267
PLNDP170008G,36,7,PLIL23-268,58.84,78.862,146.6,58.08,1.549339495,29.7,NA,NA,30.5,0.569,28.45991001,2278
PLNDP250092Y,37,7,PLIL21-7822,87.45,118.294,152,94.31,2.515809362,30,NA,NA,32.3,0.85,42.51480405,2283
PLNDP250050Y,38,7,PLIL23-4444,93.38,118.294,117.6,123.45,3.293146705,29.9,NA,NA,35.2,0.868,43.41511755,2294
PLNDP250132Y,39,7,PLIL19-4556,89.78,118.294,143.4,99.36,2.650522937,28.2,NA,NA,29.4,0.775,38.76349781,2299
PLNDP170252Y,40,7,PLIL23-1613,186.65,236.588,131.5,216.07,5.763873701,29.5,NA,NA,31,0.992,49.6172772,2310
PLNDP250099Y,41,7,PLIL20-618,NA,NA,127.6,17.51,0.467095981,28.8,NA,NA,27.1,0.402,20.10700145,2315
PLNDP170043G,42,7,PLIL20-8446,NA,NA,122.3,20.4,0.544189492,NA,74.21,236.588,28.6,0.153,7.65266473,2326
PLNDP250053G,43,7,PLIL23-1037,95.33,118.294,130.6,154.93,4.132905783,28,NA,NA,25.5,0.685,34.26193033,2331
PLNDP140510Y,44,7,PLIL23-951,179.93,236.588,146.2,372.42,9.934659341,29.7,NA,NA,27.4,1.336,66.82326849,2342
PLNDP170017G,45,7,PLIL23-652,90.54,118.294,140.6,142.35,3.797322263,29.2,NA,NA,39.9,1.819,90.98168067,2347
PLNDP170336G,46,7,PLIL23-551,NA,NA,121.1,35.31,0.941927988,28.8,NA,NA,28.2,1.205,60.27098692,2358
PLNDP170011G,47,7,PLIL23-957,170.82,236.588,155.4,170.91,4.559187552,28.9,NA,NA,24.3,1.006,50.31752103,2363
PLNDP170043G,48,7,PLIL23-971,84.1,118.294,132.5,83.67,2.231977195,NA,89.4,236.588,26.2,0.236,11.8041103,2374
PLNDP250031Y,49,7,PLIL23-259,176.62,236.588,145.7,296.23,7.902218293,30.9,NA,NA,30.7,1.374,68.72393032,2379
PLNDP250035G,50,7,PLIL23-1655,183.61,236.588,160.4,225.58,6.017562038,31.3,NA,NA,31.2,1.632,81.62842378,2390
PLNDP250176Y,51,7,PLIL20-1037,95.65,118.294,148,130,3.467874213,32.9,NA,NA,30.1,1.982,99.13451957,2395
PLNDP170006G,2,8,PLIL23-1663,48.95,59.147,180.6,52.86,1.410091007,NA,28.43,118.294,27.4,0.046,2.300801161,2007
PLNDP170031G,3,8,PLIL23-260,170.33,236.588,152.4,201.22,5.367735763,NA,70.9,236.588,26.2,0.109,5.451898402,2010
PLNDP250178Y,4,8,PLIL23-660,172.53,236.588,187.5,613.73,16.37183416,25.8,NA,NA,27.7,0.27,13.50470246,2023
PLNDP250187G,5,8,PLIL23-963,172.89,236.588,145,176.47,4.707505864,25.2,NA,NA,25,0.196,9.80341364,2026
PLNDP250072Y,6,8,PLIL23-1422,179.87,236.588,174.7,542.55,14.47303965,NA,76.67,236.588,27.3,0.194,9.703378807,2039
PLNDP250081Y,7,8,PLIL23-2956,182.33,236.588,182.7,425.51,11.35088582,25.3,NA,NA,29.5,0.486,24.30846443,2042
PLNDP150232Y,8,8,PLIL21-5917,175.89,236.588,223.7,456.66,12.18184183,26.7,NA,NA,27.5,0.478,23.9083251,2055
PLNDP250184G,9,8,PLIL23-415,94.74,118.294,130,104.5,2.787637348,27.7,NA,NA,29.4,0.752,37.61309723,2058
PLND VICTORY,10,8,PLIL23-3829,171.4,236.588,147.5,432.02,11.52454629,28.7,NA,NA,32.2,0.764,38.21330623,2071
PLNDP150218Y,11,8,PLIL23-1775,NA,NA,166.4,37.84,1.009418156,29.2,NA,NA,25.8,0.496,24.8086386,2074
PLNDP250157Y,12,8,PLIL23-2253,180.32,236.588,188.5,248.79,6.636710965,26.6,NA,NA,28.2,1.092,54.61901885,2087
PLNDP170017G,13,8,PLIL23-259,NA,NA,141.8,8.93,0.238216282,30.4,NA,NA,31.8,1.214,60.72114367,2090
PLNDP250149G,14,8,PLIL23-2134,NA,NA,145.6,8.35,0.222744228,27.7,NA,NA,27.6,0.705,35.26227866,2103
PLNDP170017G,15,8,PLIL23-652,87.25,118.294,128.5,129.04,3.442265296,27.8,NA,NA,27.7,1.287,64.37241508,2106
PLNDP170181Y,16,8,PLIL23-4542,172.61,236.588,137.4,226.5,6.042103917,31.3,NA,NA,31.6,0.916,45.81595354,2119
PLNDP250166Y,17,8,PLIL21-753,184.35,236.588,171.5,350.16,9.340852572,28.9,NA,NA,31.4,1.224,61.22131784,2122
PLNDP250113G,18,8,PLIL23-524,83.4,118.294,152.6,83.74,2.233844512,29.2,NA,NA,28.9,0.993,49.66729462,2135
PLNDP250158Y,19,8,PLIL23-3312,167.66,236.588,151.8,265.5,7.082466181,30.2,NA,NA,26.8,0.689,34.46199999,2138
PLNDP250042Y,20,8,PLIL19-511,170.57,236.588,123.9,292.34,7.798448826,31.4,NA,NA,31.9,0.437,21.85761102,2151
PLNDP150338Y,21,8,PLIL23-2963,177.81,236.588,168.8,502.68,13.4094693,27.6,NA,NA,31.2,0.575,28.76001451,2154
PLNDP170101G,22,8,PLIL20-7841,171.62,236.588,132.8,478.97,12.7769824,28.7,NA,NA,33.5,1.195,59.77081276,2167
PLNDP250159Y,23,8,PLIL19-4556,172.21,236.588,164.8,354.81,9.464895765,27.2,NA,NA,28.1,0.356,17.80620029,2170
PLNDP170328G,24,8,PLIL23-4546,NA,NA,157.8,36.92,0.984876276,30,NA,NA,30.2,0.282,14.10491146,2183
PLNDP150338Y,25,8,PLIL17-1704,171.93,236.588,193,230.55,6.150141537,27.1,NA,NA,31.1,0.375,18.7565312,2186
PLNDP250150G,26,8,PLIL23-1819,NA,NA,121.9,10.15,0.270760948,29,NA,NA,29.3,0.278,13.9048418,2199
PLNDP170156Y,27,8,PLIL23-971,64.36,78.862,144.9,75.55,2.015368437,23.4,NA,NA,27.7,0.416,20.80724528,2202
PLNDP250043Y,28,8,PLIL23-4575,59.81,78.862,149.4,59.51,1.587486111,NA,70.3,236.588,26.3,0.392,19.60682728,2215
PLNDP250042Y,29,8,PLIL23-247,170.33,236.588,146.1,189.28,5.049224854,25.2,NA,NA,24.1,0.686,34.31194774,2218
PLNDP250097Y,30,8,PLIL23-1450,177.55,236.588,154,227.62,6.071980987,35.1,NA,NA,30.2,0.708,35.41233091,2231
PLNDP250030Y,31,8,PLIL23-612,172.25,236.588,137.6,298.4,7.960105116,28.3,NA,NA,28.9,1.008,50.41755587,2234
PLNDP250101Y,32,8,PLIL23-4274,48.83,59.147,160.6,48.79,1.301519868,30,NA,NA,29.8,0.414,20.70721044,2247
PLNDP250144G,33,8,PLIL21-7653,174.39,236.588,173,177.54,4.736049137,25.9,NA,NA,27.3,0.325,16.25566037,2250
PLNDP250087Y,34,8,PLIL23-2942,90.36,118.294,157.8,120.36,3.210718002,29.7,NA,NA,30.9,0.911,45.56586646,2263
PLNDP250124Y,35,8,PLIL23-660,93.15,118.294,160.2,136.95,3.653272104,31.1,NA,NA,30.1,1.239,61.97157908,2266
PLNDP250028Y,36,8,PLIL23-1859,94.13,118.294,158.2,127.83,3.40998739,29.7,NA,NA,29.4,1.011,50.56760811,2279
PLNDP250048Y,37,8,PLIL23-739,179.77,236.588,140,186.17,4.966262632,29,NA,NA,33.9,1.182,59.12058634,2282
PLNDP250108G,38,8,PLIL22-2961,172.73,236.588,132.7,233.12,6.218698742,29.7,NA,NA,28.6,1.458,72.9253933,2295
PLNDP250076Y,39,8,PLIL23-1462,NA,NA,153.8,18.69,0.498573608,29.7,NA,NA,31.5,0.481,24.05837735,2298
PLNDP250187G,40,8,PLIL23-963,49.77,59.147,124,52.13,1.390617559,28.3,NA,NA,28,0.823,41.16433381,2311
PLNDP160153Y,41,8,PLIL21-8143,65.05,78.862,167.9,72.26,1.927604543,28.6,NA,NA,33.2,0.579,28.96008417,2314
PLNDP250123Y,42,8,PLIL22-5365,49.88,59.147,169.3,55.22,1.473046262,30.5,NA,NA,36.1,0.832,41.61449056,2327
PLNDP170022G,43,8,PLIL23-4555,NA,NA,156.7,27.98,0.746393234,28.8,NA,NA,33.4,0.754,37.71313207,2330
PLNDP170028G,44,8,PLIL23-763,60.74,78.862,131.2,60.55,1.615229105,28.4,NA,NA,30.3,0.913,45.66590129,2343
PLNDP121711R,45,8,PLIL23-1413,66.79,78.862,156.5,76.76,2.047646343,32.3,NA,NA,31.6,1.844,92.23211609,2346
PLNDP160188Y,46,8,PLIL23-4835,97.83,118.294,136.6,110.17,2.938890016,30,NA,NA,31.1,1.315,65.77290274,2359
PLNDP250043Y,47,8,PLIL23-3838,174.72,236.588,147.4,224.56,5.990352564,29.8,NA,NA,31.7,1.69,84.52943394,2362
PLND DAWN,48,8,PLIL19-4877,92.97,118.294,140.7,106.78,2.848458527,31.2,NA,NA,29.5,0.318,15.90553846,2375
PLNDP250110G,49,8,PLIL23-3710,64.56,78.862,134.6,77.51,2.06765331,28.2,NA,NA,31.2,1.627,81.3783367,2378
PLNDP250090Y,50,8,PLIL23-1644,176.96,236.588,145.2,313.5,8.362912044,29,NA,NA,28.7,1.509,75.47628155,2391
PLND VICTORY,51,8,PLIL21-7822,172.73,236.588,137.7,235.69,6.287255948,29.5,NA,NA,32.8,1.313,65.67286791,2394
PLNDP250039Y,2,9,PLIL21-753,177.47,236.588,176.5,722.46,19.2723108,NA,58.84,236.588,26.8,0.128,6.402229316,2008
PLNDP250029Y,3,9,PLIL23-2371,170.69,236.588,140.4,545.35,14.54773232,35.3,NA,NA,29.6,0.308,15.40536429,2009
PLNDP250174Y,4,9,PLIL23-1556,177.15,236.588,169.6,679.54,18.12737879,NA,61.77,236.588,22.6,0.17,8.502960811,2024
PLNDP250068Y,5,9,PLIL22-1939,179.41,236.588,191.9,193.47,5.160997108,NA,82.19,236.588,25.6,0.151,7.552629896,2025
PLNDP170182Y,6,9,PLIL23-1764,61.69,78.862,186.6,62.5,1.667247218,26.3,NA,NA,25.1,0.321,16.05559071,2040
PLNDP250153Y,7,9,PLIL23-271,175.29,236.588,162.8,550.34,14.68084534,NA,36.52,118.294,26.6,0.052,2.60090566,2041
PLNDP170012G,8,9,PLIL22-4235,46.8,59.147,138.8,54.06,1.442102153,29.1,NA,NA,32.9,0.342,17.10595645,2056
PLNDP250105G,9,9,PLIL23-1259,NA,NA,131.4,37.15,0.991011746,24.9,NA,NA,24.9,0.495,24.75862118,2057
PLNDP120181Y,10,9,PLIL23-3710,93.69,118.294,151.4,113.31,3.022652516,24.9,NA,NA,26.7,0.492,24.60856893,2072
PLNDP250079Y,11,9,PLIL19-511,174.18,236.588,151.2,191.19,5.100175929,30.8,NA,NA,30.2,0.306,15.30532946,2073
PLNDP250148G,12,9,PLIL23-1815,175.5,236.588,180.8,347.72,9.275763241,27.3,NA,NA,30.9,0.621,31.06081567,2088
PLND DAWN,13,9,PLIL23-1450,181.89,236.588,147.2,191.3,5.103110284,29,NA,NA,31.8,0.408,20.40710595,2089
PLNDP250080Y,14,9,PLIL23-1209,95.6,118.294,136,101.59,2.710010318,26.3,NA,NA,28.3,0.947,47.36649346,2104
PLNDP170101G,15,9,PLIL23-250,177.62,236.588,157.9,179.15,4.778997425,28.6,NA,NA,26.3,0.746,37.31299273,2105
PLNDP250095Y,16,9,PLIL23-943,174.82,236.588,132.7,264.82,7.064326531,27.8,NA,NA,27.1,0.721,36.06255732,2120
PLNDP150221G,17,9,PLIL23-951,170.26,236.588,141.8,240.45,6.414233496,28.2,NA,NA,27.4,0.718,35.91250507,2121
PLNDP170182Y,18,9,PLIL23-1614,177.51,236.588,148.4,448.7,11.96950123,30.9,NA,NA,31.2,1.093,54.66903627,2136
PLNDP250052Y,19,9,PLIL23-771,63.31,118.294,115.5,146.96,3.920298418,26.2,NA,NA,29.3,0.451,22.55785486,2137
PLNDP250160Y,20,9,PLIL23-2942,177.16,236.588,126.5,239.74,6.395293568,26.7,NA,NA,30.7,0.645,32.26123366,2152
PLNDP150412G,21,9,PLIL19-3618,160.58,236.588,98.4,170.79,4.555986437,29.2,NA,NA,34.4,0.548,27.40954426,2153
PLNDP250033Y,22,9,PLIL19-3661,172.01,236.588,116.7,172.3,4.59626713,30,NA,NA,31.1,0.683,34.16189549,2168
PLNDP170185Y,23,9,PLIL23-2458,177.09,236.588,195.8,491.26,13.10482989,28.9,NA,NA,27.4,0.342,17.10595645,2169
PLNDP120083Y,24,9,PLIL19-6432,180.09,236.588,156.6,288.11,7.685609535,28.4,NA,NA,32.6,0.593,29.660328,2184
PLNDP170099G,25,9,PLIL22-251,89.58,118.294,165.2,102.75,2.740954426,NA,41.11,118.294,28.3,1.029,51.46792161,2185
PLNDP150223G,26,9,PLIL23-259,NA,NA,137.4,8.56,0.228346179,NA,78.13,236.588,27.2,0.164,8.202856311,2200
PLNDP250152Y,27,9,PLIL23-3312,60.99,78.862,145.1,60.73,1.620030777,NA,78.51,236.588,28.7,0.264,13.20459796,2201
PLNDP150106G,28,9,PLIL20-5913,62.02,78.862,130.8,65.18,1.738738778,28.5,NA,NA,27.4,0.26,13.0045283,2216
PLNDP250166Y,29,9,PLIL23-2942,172.76,236.588,155.5,476.74,12.71749502,26.6,NA,NA,29.2,0.634,31.71104208,2217
PLNDP120083Y,30,9,PLIL19-4556,171.9,236.588,158.5,394.52,10.52419796,27.7,NA,NA,29.3,0.487,24.35848185,2232
PLNDP250105G,31,9,PLIL23-2010,88.22,118.294,132.7,90.03,2.401636272,28.3,NA,NA,29.1,0.581,29.06011901,2233
PLNDP170177Y,32,9,PLIL23-612,177.06,236.588,130.8,271.95,7.254526094,28.6,NA,NA,29.4,0.935,46.76628446,2248
PLNDP121714R,33,9,PLIL19-3618,83.69,118.294,152.8,83.24,2.220506535,29.2,NA,NA,29.8,0.928,46.41616254,2249
PLNDP170133G,34,9,PLIL23-3826,48.74,59.147,134.3,54.59,1.45624041,29.4,NA,NA,31.3,0.927,46.36614513,2264
PLNDP121714R,35,9,PLIL23-1666,177.24,236.588,143.5,288.87,7.705883261,32,NA,NA,32.8,0.727,36.36266182,2265
PLNDP170336G,36,9,PLIL23-1815,NA,NA,153,32.78,0.874437821,27.4,NA,NA,28.5,0.338,16.90588679,2280
PLNDP250065Y,37,9,PLIL23-4144,178.02,236.588,134.6,184.63,4.925181661,29.9,NA,NA,32.8,1.317,65.87293757,2281
PLNDP250164Y,38,9,PLIL21-5955,175.64,236.588,135.1,299.59,7.991849504,29.1,NA,NA,30.8,1.419,70.97471406,2296
PLND DAWN,39,9,PLIL23-1663,91.72,118.294,144.9,94.2,2.512875007,30.4,NA,NA,30.2,0.474,23.70825544,2297
PLNDP170001G,40,9,PLIL21-6116,165.18,236.588,151.9,248.2,6.620972151,31.8,NA,NA,26.8,0.521,26.05907401,2312
PLNDP250188G,41,9,PLIL23-1037,NA,NA,157,37.61,1.003282686,27.3,NA,NA,25.1,0.388,19.40675761,2313
PLNDP160153Y,42,9,PLIL23-3848,43.82,59.147,189.2,43.9,1.171074446,27.2,NA,NA,17.3,0.627,31.36092017,2328
PLNDP170133G,43,9,PLIL23-453,NA,NA,126,16.19,0.431883719,30,NA,NA,28.5,0.863,43.16503047,2329
PLNDP250103G,44,9,PLIL23-250,57.99,78.862,106.2,58.55,1.561877194,31.5,NA,NA,30.3,1.42,71.02473148,2344
PLNDP250186G,45,9,PLIL20-7841,98.99,118.294,160,148.41,3.958978553,32,NA,NA,32.9,2.338,116.9407199,2345
PLNDP170111G,46,9,PLIL23-1423,87,118.294,134.1,87.84,2.34321593,29.9,NA,NA,31.3,1.105,55.26924527,2360
PLNDP250031Y,47,9,PLIL19-2033,217.37,236.588,130.8,185.34,4.944121589,29.6,NA,NA,32.9,1.804,90.23141943,2361
PLNDP170177Y,48,9,PLIL23-621,81.64,118.294,65.6,81.8,2.182093159,30.6,NA,NA,28.4,1.509,75.47628155,2376
PLNDP170328G,49,9,PLIL23-1556,172.75,236.588,181,378.9,10.10751953,30.9,NA,NA,30.3,1.847,92.38216834,2377
PLNDP250163Y,50,9,PLIL23-1631,176.37,236.588,144.2,417.67,11.14174633,28.5,NA,NA,34.3,1.331,66.57318141,2392
PLNDP250062Y,51,9,PLIL23-1236,170.29,236.588,173.2,172.1,4.590931939,28.2,NA,NA,29.5,1.318,65.92295499,2393
