Year,Entry,Range,Column,Rep,OAT,PEA,Lodging severity - 0-9 Rating|CO_350:0005007,Maturity date - Julian day|CO_350:0000271,Plot score - 1-9 Rating,Plot size - feet,Heading date - Julian day|CO_350:0000270,Pea Flowering Date - 10% - Julian Day|CO_xxx:0003014,Pea Maturity Date - Julian Day|CO_xxx:0003015,plot_number
2025,95,13,3,1,PLIL23-1644-201774443,PLNDP250057G,7,2025-07-04,9,104.52,2025-06-02,2025-06-04,45839,2095
2025,240,31,2,1,PLIL23-247-200865843,PLNDP170031G,3,2025-07-03,5,104.52,2025-06-07,2025-06-03,45839,2240
2025,2,2,3,1,PLIL23-911-200865925,PLNDP250131Y,0,2025-07-04,7,104.52,2025-06-06,2025-06-03,45839,2002
2025,48,7,2,1,PLIL23-959-200865931,PLNDP250184G,1,2025-07-03,5,104.52,2025-06-07,2025-06-08,45847,2048
2025,65,10,2,1,PLIL23-3635-200865866,PLNDP250189G,5,2025-07-04,5,104.52,2025-06-04,2025-06-08,45847,2065
2025,188,25,6,1,PLIL23-543-200865913,PLNDP170084G,5,2025-07-03,3,104.52,2025-06-08,2025-06-07,45847,2188
2025,276,36,5,1,PLIL22-3958-200865774,PLND VICTORY,6,2025-06-30,9,104.52,2025-06-03,2025-06-07,45847,2276
2025,244,32,5,1,PLIL23-4079-201774461,PLNDP250150G,1,2025-07-05,5,104.52,2025-06-08,2025-06-03,45847,2244
2025,67,10,4,1,PLIL23-3621-200865864,PLNDP250096Y,2,2025-07-05,3,104.52,2025-06-07,2025-06-09,45846,2067
2025,313,41,9,1,PLIL23-1037-200865788,PLNDP250188G,8,2025-07-03,9,104.52,2025-06-05,2025-06-09,45846,2313
2025,345,45,9,1,PLIL20-7841-201774425,PLNDP250186G,7,2025-07-03,7,104.52,2025-06-05,2025-06-09,45846,2345
2025,203,27,7,1,PLIL22-2662-200865770,PLNDP170084G,6,2025-07-01,3,104.52,2025-06-05,2025-06-08,45846,2203
2025,261,34,6,1,PLIL23-660-201774471,PLNDP250183G,7,2025-07-03,5,104.52,2025-06-05,2025-06-08,45846,2261
2025,331,43,7,1,PLIL23-1037-200865788,PLNDP250053G,4,2025-07-01,9,104.52,2025-06-05,2025-06-08,45846,2331
2025,80,11,2,1,PLIL19-6432-200865739,PLNDP250093Y,1,2025-07-04,7,104.52,2025-06-07,2025-06-07,45846,2080
2025,262,34,7,1,PLIL23-951-201774474,PLNDP250118G,7,2025-07-03,9,104.52,2025-06-07,2025-06-07,45846,2262
2025,378,49,8,1,PLIL23-3710-201774458,PLNDP250110G,7,2025-07-03,9,104.52,2025-06-07,2025-06-07,45846,2378
2025,386,50,3,1,PLIL23-3826-200865878,PLNDP250110G,7,2025-07-03,5,104.52,2025-06-07,2025-06-07,45846,2386
2025,176,23,2,1,PLIL23-1450-200865806,PLNDP120083Y,4,2025-07-03,7,104.52,2025-06-06,2025-06-07,45846,2176
2025,364,47,6,1,PLIL22-5365-200865784,PLNDP250069Y,7,2025-07-03,7,104.52,2025-06-04,2025-06-07,45846,2364
2025,135,18,8,1,PLIL23-524-201774468,PLNDP250113G,7,2025-07-04,5,104.52,2025-06-08,2025-06-06,45846,2135
2025,167,22,8,1,PLIL20-7841-201774425,PLNDP170101G,3,2025-07-03,7,104.52,2025-06-07,2025-06-05,45846,2167
2025,181,24,6,1,PLIL23-3829-200865880,PLNDP250113G,8,2025-07-02,3,104.52,2025-06-07,2025-06-05,45846,2181
2025,271,35,3,1,PLIL23-1847-200865829,PLNDP250027G,0,2025-07-03,5,104.52,2025-06-07,2025-06-05,45846,2271
2025,295,38,8,1,PLIL22-2961-201774433,PLNDP250108G,7,2025-07-03,7,104.52,2025-06-05,2025-06-05,45846,2295
2025,189,25,5,1,PLIL23-3874-200865886,PLND VICTORY,8,2025-06-29,7,104.52,2025-06-04,2025-06-05,45846,2189
2025,347,45,7,1,PLIL23-652-200865916,PLNDP170017G,6,2025-07-04,7,104.52,2025-06-06,2025-06-04,45846,2347
2025,377,49,9,1,PLIL23-1556-201774441,PLNDP170328G,7,2025-07-04,7,104.52,2025-06-07,2025-06-03,45846,2377
2025,34,6,3,1,PLIL23-3627-200865865,PLNDP170004G,8,2025-07-04,7,104.52,2025-06-05,2025-06-01,45846,2034
2025,96,13,2,1,PLIL23-2942-200865851,PLNDP250041Y,4,2025-07-04,5,104.52,2025-06-08,2025-06-11,45845,2096
2025,311,40,8,1,PLIL23-963-201774475,PLNDP250187G,8,2025-07-03,7,104.52,2025-06-07,2025-06-09,45845,2311
2025,344,44,9,1,PLIL23-250-200865844,PLNDP250103G,6,2025-07-02,5,104.52,2025-06-06,2025-06-08,45845,2344
2025,88,12,9,1,PLIL23-1815-200865828,PLNDP250148G,4,2025-07-04,7,104.52,2025-06-08,2025-06-07,45845,2088
2025,140,19,6,1,PLIL23-957-200865930,PLNDP170011G,6,2025-07-03,3,104.52,2025-06-08,2025-06-07,45845,2140
2025,225,30,2,1,PLIL23-621-200865915,PLNDP250114G,0,2025-07-03,5,104.52,2025-06-07,2025-06-07,45845,2225
2025,257,34,2,1,PLIL23-3754-200865873,PLNDP250096Y,5,2025-07-03,3,104.52,2025-06-07,2025-06-07,45845,2257
2025,365,47,5,1,PLIL23-1847-200865829,PLNDP250111G,6,2025-07-05,5,104.52,2025-06-07,2025-06-07,45845,2365
2025,51,8,4,1,PLIL23-2235-200865836,PLNDP170101G,8,2025-07-04,5,104.52,2025-06-06,2025-06-07,45845,2051
2025,62,9,4,1,PLIL23-1165-201774436,PLNDP250147G,7,2025-07-04,5,104.52,2025-06-06,2025-06-07,45845,2062
2025,284,37,6,1,PLIL23-1614-200865811,PLNDP250053G,3,2025-07-03,7,104.52,2025-06-06,2025-06-07,45845,2284
2025,309,40,6,1,PLIL23-4118-200865890,PLNDP250106G,8,2025-07-03,7,104.52,2025-06-05,2025-06-07,45845,2309
2025,91,13,7,1,PLIL23-971-200865932,PLNDP170156Y,3,2025-07-03,7,104.52,2025-06-07,2025-06-05,45845,2091
2025,256,33,2,1,PLIL20-1037-200865744,PLNDP250078Y,2,2025-07-03,5,104.52,2025-06-05,2025-06-05,45845,2256
2025,395,51,7,1,PLIL20-1037-200865744,PLNDP250176Y,3,2025-07-03,7,104.52,2025-06-07,2025-06-04,45845,2395
2025,272,35,2,1,PLIL20-8320-200865749,PLNDP170094Y,5,2025-07-03,5,104.52,2025-06-04,2025-06-04,45845,2272
2025,133,18,6,1,PLIL23-951-201774474,PLNDP170028G,7,2025-07-04,3,104.52,2025-06-09,2025-06-03,45845,2133
2025,36,6,5,1,PLIL23-4049-200865889,PLNDP250102Y,0,2025-07-07,7,104.52,2025-06-10,2025-06-11,45844,2036
2025,45,7,5,1,PLIL23-1228-200865794,PLNDP250074Y,2,2025-07-03,5,104.52,2025-06-09,2025-06-10,45844,2045
2025,355,46,4,1,PLIL23-4547-201774465,PLNDP250171Y,3,2025-07-01,7,104.52,2025-06-03,2025-06-10,45844,2355
2025,21,4,6,1,PLIL23-1209-200865792,PLNDP250187G,5,2025-07-03,5,104.52,2025-06-07,2025-06-09,45844,2021
2025,259,34,4,1,PLIL23-621-200865915,PLNDP250149G,7,2025-07-05,3,104.52,2025-06-06,2025-06-07,45844,2259
2025,303,39,3,1,PLIL23-558-200865914,PLNDP250109G,8,2025-07-04,9,104.52,2025-06-08,2025-06-05,45844,2303
2025,81,12,2,1,PLIL23-524-201774468,PLNDP170111G,7,2025-07-05,3,104.52,2025-06-07,2025-06-04,45844,2081
2025,153,21,9,1,PLIL19-3618-201774420,PLNDP150412G,4,2025-07-03,7,104.52,2025-06-07,2025-06-03,45844,2153
2025,354,46,3,1,PLIL15-2064-201774418,PLNDP250168Y,0,2025-07-03,7,104.52,2025-06-05,2025-06-03,45844,2354
2025,351,45,3,1,PLIL23-445-200865900,PLNDP170052G,8,2025-07-03,7,104.52,2025-06-07,2025-06-02,45844,2351
2025,47,7,3,1,PLIL23-3443-201774457,PLNDP250100Y,0,2025-07-05,3,104.52,2025-06-09,2025-06-10,45843,2047
2025,94,13,4,1,PLIL23-1421-200865801,PLNDP250074Y,3,2025-07-04,5,104.52,2025-06-08,2025-06-10,45843,2094
2025,130,18,3,1,PLIL23-1753-201774447,PLNDP250188G,8,2025-07-03,9,104.52,2025-06-08,2025-06-10,45843,2130
2025,75,11,7,1,PLIL23-1163-200865790,PLNDP250091Y,8,2025-07-03,7,104.52,2025-06-07,2025-06-10,45843,2075
2025,110,15,4,1,PLIL22-2364-200865769,PLNDP250059Y,8,2025-07-02,5,104.52,2025-06-03,2025-06-10,45843,2110
2025,149,20,6,1,PLIL23-3874-200865886,PLNDP250136G,7,2025-07-03,3,104.52,2025-06-06,2025-06-09,45843,2149
2025,190,25,4,1,PLIL19-1222-200865729,PLNDP250137G,8,2025-07-04,7,104.52,2025-06-04,2025-06-09,45843,2190
2025,17,4,2,1,PLIL23-1959-200865830,PLNDP250051Y,3,2025-07-04,5,104.52,2025-06-09,2025-06-08,45843,2017
2025,348,45,6,1,PLIL23-1614-200865811,PLNDP250074Y,5,2025-07-03,7,104.52,2025-06-06,2025-06-08,45843,2348
2025,383,49,3,1,PLIL21-4020-201774427,PLNDP250183G,5,2025-07-03,7,104.52,2025-06-06,2025-06-08,45843,2383
2025,146,20,3,1,PLIL23-1610-200865809,PLNDP250106G,8,2025-06-30,7,104.52,2025-06-03,2025-06-08,45843,2146
2025,31,5,3,1,PLIL23-3730-200865872,PLNDP150231Y,6,2025-07-05,7,104.52,2025-06-08,2025-06-07,45843,2031
2025,58,9,8,1,PLIL23-415-200865892,PLNDP250184G,7,2025-07-04,7,104.52,2025-06-08,2025-06-07,45843,2058
2025,166,22,7,1,PLIL23-2371-200865840,PLNDP250116G,3,2025-07-03,5,104.52,2025-06-08,2025-06-07,45843,2166
2025,223,29,3,1,PLIL23-2458-200865842,PLNDP250144G,8,2025-07-05,7,104.52,2025-06-08,2025-06-07,45843,2223
2025,71,10,8,1,PLIL23-3829-200865880,PLND VICTORY,6,2025-07-04,7,104.52,2025-06-07,2025-06-07,45843,2071
2025,105,15,9,1,PLIL23-250-200865844,PLNDP170101G,7,2025-07-03,7,104.52,2025-06-07,2025-06-07,45843,2105
2025,165,22,6,1,PLIL23-1531-201774439,PLNDP250137G,3,2025-07-03,5,104.52,2025-06-07,2025-06-07,45843,2165
2025,300,39,6,1,PLIL23-524-201774468,PLNDP250098Y,7,2025-07-03,7,104.52,2025-06-07,2025-06-07,45843,2300
2025,341,44,6,1,PLIL23-763-201774473,PLNDP250092Y,6,2025-07-03,7,104.52,2025-06-07,2025-06-07,45843,2341
2025,26,5,8,1,PLIL23-963-201774475,PLNDP250187G,7,2025-07-03,7,104.52,2025-06-06,2025-06-07,45843,2026
2025,33,6,2,1,PLIL21-6257-200865758,PLNDP170253Y,1,2025-07-03,7,104.52,2025-06-06,2025-06-07,45843,2033
2025,352,45,2,1,PLIL23-2371-200865840,PLNDP170151Y,1,2025-07-04,5,104.52,2025-06-06,2025-06-07,45843,2352
2025,131,18,4,1,PLIL23-2134-200865834,PLNDP170011G,7,2025-07-02,3,104.52,2025-06-05,2025-06-07,45843,2131
2025,394,51,8,1,PLIL21-7822-200865761,PLND VICTORY,3,2025-07-03,5,104.52,2025-06-05,2025-06-07,45843,2394
2025,97,14,2,1,PLIL21-4039-200865753,PLNDP120083Y,1,2025-07-03,5,104.52,2025-06-04,2025-06-07,45843,2097
2025,49,8,2,1,PLIL23-1608-200865808,PLNDP250159Y,4,2025-07-02,7,104.52,2025-06-02,2025-06-07,45843,2049
2025,218,29,8,1,PLIL23-247-200865843,PLNDP250042Y,3,2025-07-01,7,104.52,2025-06-07,2025-06-06,45843,2218
2025,228,30,5,1,PLIL23-1414-200865800,PLNDP250093Y,6,2025-07-05,3,104.52,2025-06-07,2025-06-06,45843,2228
2025,227,30,4,1,PLIL23-2371-200865840,PLNDP250114G,1,2025-07-05,7,104.52,2025-06-06,2025-06-06,45843,2227
2025,255,33,3,1,PLIL23-4746-200865909,PLNDP250071Y,0,2025-07-03,7,104.52,2025-06-05,2025-06-06,45843,2255
2025,101,14,6,1,PLIL23-558-200865914,PLNDP150179Y,7,2025-07-03,5,104.52,2025-06-10,2025-06-05,45843,2101
2025,30,5,4,1,PLIL23-3576-200865862,PLNDP250095Y,2,2025-07-05,7,104.52,2025-06-08,2025-06-05,45843,2030
2025,100,14,5,1,PLIL23-1815-200865828,PLNDP250169Y,1,2025-07-05,5,104.52,2025-06-08,2025-06-05,45843,2100
2025,151,20,8,1,PLIL19-511-200865734,PLNDP250042Y,0,2025-07-03,3,104.52,2025-06-08,2025-06-05,45843,2151
2025,217,29,9,1,PLIL23-2942-200865851,PLNDP250166Y,1,2025-07-04,5,104.52,2025-06-08,2025-06-05,45843,2217
2025,251,33,7,1,PLIL23-939-200865928,PLNDP250027G,5,2025-07-03,7,104.52,2025-06-08,2025-06-05,45843,2251
2025,337,44,2,1,PLIL23-2443-200865841,PLNDP250154Y,6,2025-07-04,7,104.52,2025-06-08,2025-06-05,45843,2337
2025,199,26,8,1,PLIL23-1819-201774448,PLNDP250150G,7,2025-07-03,3,104.52,2025-06-07,2025-06-05,45843,2199
2025,219,29,7,1,PLIL17-1704-201774419,PLNDP250166Y,7,2025-07-02,5,104.52,2025-06-07,2025-06-05,45843,2219
2025,266,35,8,1,PLIL23-660-201774471,PLNDP250124Y,3,2025-07-04,7,104.52,2025-06-07,2025-06-05,45843,2266
2025,322,42,3,1,PLIL23-1806-200865827,PLNDP120083Y,8,2025-07-03,6,104.52,2025-06-07,2025-06-05,45843,2322
2025,398,51,4,1,PLIL23-1815-200865828,PLNDP250134G,1,NA,7,104.52,2025-06-07,2025-06-05,45843,2398
2025,90,13,8,1,PLIL23-259-200865845,PLNDP170017G,3,2025-07-03,9,104.52,2025-06-06,2025-06-05,45843,2090
2025,106,15,8,1,PLIL23-652-200865916,PLNDP170017G,4,2025-07-04,7,104.52,2025-06-06,2025-06-05,45843,2106
2025,178,24,3,1,PLIL23-1531-201774439,PLNDP250028Y,7,2025-07-03,9,104.52,2025-06-05,2025-06-05,45843,2178
2025,177,24,2,1,PLIL23-3443-201774457,PLNDP170133G,8,2025-07-04,9,104.52,2025-06-04,2025-06-05,45843,2177
2025,109,15,5,1,PLIL23-3434-201774456,PLNDP170057G,6,2025-07-04,3,104.52,2025-06-08,2025-06-04,45843,2109
2025,79,11,3,1,PLIL23-423-200865894,PLNDP170133G,9,2025-07-04,9,104.52,2025-06-07,2025-06-04,45843,2079
2025,180,24,5,1,PLIL23-1225-200865793,PLNDP170322Y,8,2025-07-01,7,104.52,2025-06-07,2025-06-04,45843,2180
2025,192,25,2,1,PLIL23-1959-200865830,PLNDP250073Y,2,2025-07-03,7,104.52,2025-06-06,2025-06-04,45843,2192
2025,168,22,9,1,PLIL19-3661-201774421,PLNDP250033Y,6,2025-07-03,7,104.52,2025-06-05,2025-06-04,45843,2168
2025,137,19,9,1,PLIL23-771-200865920,PLNDP250052Y,0,2025-07-04,5,104.52,2025-06-07,2025-06-03,45843,2137
2025,370,48,3,1,PLIL22-4169-200865776,PLNDP250029Y,8,2025-07-03,5,104.52,2025-06-07,2025-06-03,45843,2370
2025,388,50,5,1,PLIL23-1859-201774449,PLNDP250033Y,2,2025-07-04,7,104.52,2025-06-07,2025-06-03,45843,2388
2025,253,33,5,1,PLIL21-753-200865759,PLNDP250166Y,2,2025-07-01,5,104.52,2025-06-06,2025-06-03,45843,2253
2025,246,32,7,1,PLIL19-5467-200865736,PLNDP150106G,7,2025-07-03,3,104.52,2025-06-05,2025-06-03,45843,2246
2025,112,15,2,1,PLIL23-1632-201774442,PLNDP170027G,7,2025-06-30,7,104.52,2025-06-01,2025-06-03,45843,2112
2025,185,25,9,1,PLIL22-251-201774432,PLNDP170099G,9,2025-07-03,7,104.52,2025-06-07,2025-06-02,45843,2185
2025,343,44,8,1,PLIL23-763-201774473,PLNDP170028G,8,2025-07-03,9,104.52,2025-06-07,2025-06-02,45843,2343
2025,358,46,7,1,PLIL23-551-201774469,PLNDP170336G,7,2025-07-04,7,104.52,2025-06-07,2025-06-02,45843,2358
2025,374,48,7,1,PLIL23-971-200865932,PLNDP170043G,8,2025-07-03,7,104.52,2025-06-07,2025-06-02,45843,2374
2025,145,20,2,1,PLIL23-3857-200865885,PLNDP170336G,9,2025-07-03,5,104.52,2025-06-05,2025-06-02,45843,2145
2025,182,24,7,1,PLIL23-1422-200865802,PLNDP250139G,3,2025-07-05,3,104.52,2025-06-08,2025-05-30,45843,2182
2025,54,8,7,1,PLIL19-5467-200865736,PLNDP150476G,7,2025-07-03,9,104.52,2025-06-05,2025-05-30,45843,2054
2025,186,25,8,1,PLIL17-1704-201774419,PLNDP150338Y,3,2025-07-03,7,104.52,2025-06-07,2025-06-04,45842,2186
2025,170,23,8,1,PLIL19-4556-200865732,PLNDP250159Y,2,2025-07-03,5,104.52,2025-06-08,2025-06-03,45842,2170
2025,213,28,6,1,PLIL23-2021-200865832,PLNDP250035G,1,2025-07-02,3,104.52,2025-06-07,2025-06-11,45842,2213
2025,150,20,7,1,PLIL23-1115-200865789,PLNDP250036Y,1,2025-07-01,5,104.52,2025-06-05,2025-06-11,45842,2150
2025,42,7,8,1,PLIL23-2956-201774453,PLNDP250081Y,7,2025-07-03,7,104.52,2025-06-08,2025-06-10,45842,2042
2025,84,12,5,1,PLIL23-660-201774471,PLNDP250081Y,2,2025-07-04,3,104.52,2025-06-05,2025-06-10,45842,2084
2025,128,17,2,1,PLIL23-1775-200865826,PLNDP250038Y,3,2025-06-29,5,104.52,2025-06-03,2025-06-10,45842,2128
2025,39,6,8,1,PLIL23-1422-200865802,PLNDP250072Y,4,2025-07-03,7,104.52,2025-06-09,2025-06-09,45842,2039
2025,93,13,5,1,PLIL23-247-200865843,PLNDP250184G,8,2025-07-03,5,104.52,2025-06-09,2025-06-09,45842,2093
2025,129,18,2,1,PLIL23-3731-201774459,PLNDP170182Y,6,2025-07-02,7,104.52,2025-06-08,2025-06-09,45842,2129
2025,238,31,4,1,PLIL23-3572-200865861,PLNDP250039Y,5,2025-07-03,7,104.52,2025-06-07,2025-06-09,45842,2238
2025,8,2,9,1,PLIL21-753-200865759,PLNDP250039Y,1,2025-07-02,7,104.52,2025-06-06,2025-06-09,45842,2008
2025,371,48,4,1,PLIL20-7841-201774425,PLNDP250186G,6,2025-07-03,9,104.52,2025-06-06,2025-06-09,45842,2371
2025,154,21,8,1,PLIL23-2963-201774454,PLNDP150338Y,4,2025-07-04,7,104.52,2025-06-08,2025-06-08,45842,2154
2025,55,8,8,1,PLIL21-5917-200865756,PLNDP150232Y,5,2025-07-03,7,104.52,2025-06-07,2025-06-08,45842,2055
2025,206,27,4,1,PLIL19-2673-200865731,PLNDP250140G,2,2025-07-03,5,104.52,2025-06-05,2025-06-08,45842,2206
2025,367,47,3,1,PLIL23-612-201774470,PLNDP250069Y,8,2025-07-03,5,104.52,2025-06-05,2025-06-08,45842,2367
2025,132,18,5,1,PLIL23-1610-200865809,PLNDP140295G,5,2025-06-29,7,104.52,2025-06-02,2025-06-08,45842,2132
2025,111,15,3,1,PLIL22-4459-201774435,PLNDP250157Y,2,2025-07-02,5,104.52,2025-06-08,2025-06-07,45842,2111
2025,125,17,5,1,PLIL23-1847-200865829,PLNDP150338Y,3,2025-07-05,7,104.52,2025-06-08,2025-06-07,45842,2125
2025,121,17,9,1,PLIL23-951-201774474,PLNDP150221G,5,2025-07-03,7,104.52,2025-06-08,2025-06-07,45842,2121
2025,14,3,4,1,PLIL23-739-200865919,PLNDP250090Y,0,2025-07-04,7,104.52,2025-06-07,2025-06-07,45842,2014
2025,102,14,7,1,PLIL20-8446-201774426,PLNDP250089Y,1,2025-07-03,5,104.52,2025-06-07,2025-06-07,45842,2102
2025,104,14,9,1,PLIL23-1209-200865792,PLNDP250080Y,7,2025-07-03,5,104.52,2025-06-07,2025-06-07,45842,2104
2025,243,32,4,1,PLIL23-3751-201774460,PLNDP250046Y,2,2025-07-04,5,104.52,2025-06-07,2025-06-07,45842,2243
2025,119,16,8,1,PLIL23-4542-200865902,PLNDP170181Y,3,2025-07-03,5,104.52,2025-06-06,2025-06-07,45842,2119
2025,147,20,4,1,PLIL23-271-200865849,PLNDP250121Y,2,2025-07-03,5,104.52,2025-06-06,2025-06-07,45842,2147
2025,173,23,5,1,PLIL23-3842-200865883,PLNDP250135Y,3,2025-07-01,3,104.52,2025-06-06,2025-06-07,45842,2173
2025,299,39,7,1,PLIL19-4556-200865732,PLNDP250132Y,9,2025-07-03,7,104.52,2025-06-06,2025-06-07,45842,2299
2025,162,22,3,1,PLIL23-251-201774450,PLNDP250086Y,0,2025-07-01,5,104.52,2025-06-05,2025-06-07,45842,2162
2025,307,40,4,1,PLIL23-4469-200865901,PLNDP250170Y,4,2025-07-02,7,104.52,2025-06-05,2025-06-07,45842,2307
2025,319,41,3,1,PLIL21-5956-201774429,PLNDP250170Y,8,2025-07-03,7,104.52,2025-06-05,2025-06-07,45842,2319
2025,196,26,5,1,PLIL23-2010-200865831,PLNDP250119G,7,2025-07-01,9,104.52,2025-06-04,2025-06-07,45842,2196
2025,250,33,8,1,PLIL21-7653-200865760,PLNDP250144G,8,2025-06-30,9,104.52,2025-06-04,2025-06-07,45842,2250
2025,283,37,7,1,PLIL21-7822-200865761,PLNDP250092Y,4,2025-07-02,5,104.52,2025-06-04,2025-06-07,45842,2283
2025,126,17,4,1,PLIL23-4554-200865904,PLNDP250085Y,3,2025-07-03,7,104.52,2025-06-02,2025-06-07,45842,2126
2025,323,42,4,1,PLIL20-6928-200865748,PLNDP250146G,6,2025-07-02,9,104.52,2025-06-02,2025-06-07,45842,2323
2025,179,24,4,1,PLIL23-1815-200865828,PLNDP250179Y,7,2025-07-04,7,104.52,2025-06-08,2025-06-06,45842,2179
2025,73,11,9,1,PLIL19-511-200865734,PLNDP250079Y,5,2025-07-02,7,104.52,2025-06-07,2025-06-06,45842,2073
2025,87,12,8,1,PLIL23-2253-200865838,PLNDP250157Y,3,2025-07-03,9,104.52,2025-06-07,2025-06-06,45842,2087
2025,308,40,5,1,PLIL23-2751-200865850,PLNDP250055G,7,2025-07-05,5,104.52,2025-06-07,2025-06-06,45842,2308
2025,29,5,5,1,PLIL23-236-200865839,PLNDP250082Y,0,2025-07-05,7,104.52,2025-06-06,2025-06-06,45842,2029
2025,68,10,5,1,PLIL23-259-200865845,PLNDP250028Y,5,2025-07-03,9,104.52,2025-06-05,2025-06-06,45842,2068
2025,164,22,5,1,PLIL21-6257-200865758,PLNDP121714R,0,2025-07-04,1,104.52,2025-06-05,2025-06-06,45842,2164
2025,22,4,7,1,PLIL23-1657-200865821,PLNDP250113G,2,2025-07-03,5,104.52,2025-06-04,2025-06-06,45842,2022
2025,245,32,6,1,PLIL23-4721-200865907,PLNDP250122Y,3,2025-06-30,3,104.52,2025-06-04,2025-06-06,45842,2245
2025,302,39,4,1,PLIL22-2850-200865771,PLNDP170084G,6,2025-07-02,9,104.52,2025-06-03,2025-06-06,45842,2302
2025,265,35,9,1,PLIL23-1666-201774446,PLNDP121714R,2,2025-07-01,9,104.52,2025-06-01,2025-06-06,45842,2265
2025,19,4,4,1,PLIL23-1959-200865830,PLNDP250073Y,1,2025-07-05,7,104.52,2025-06-08,2025-06-05,45842,2019
2025,174,23,4,1,PLIL23-1608-200865808,PLNDP250165Y,7,2025-06-30,7,104.52,2025-05-31,2025-06-04,45840,2174
2025,279,36,8,1,PLIL23-1859-201774449,PLNDP250028Y,7,2025-07-04,7,104.52,2025-06-08,2025-06-05,45842,2279
2025,108,15,6,1,PLIL23-3655-200865867,PLNDP250080Y,5,2025-07-03,7,104.52,2025-06-07,2025-06-05,45842,2108
2025,120,16,9,1,PLIL23-943-200865929,PLNDP250095Y,3,2025-07-03,7,104.52,2025-06-07,2025-06-05,45842,2120
2025,144,19,2,1,PLIL23-3576-200865862,PLNDP250164Y,2,2025-07-05,3,104.52,2025-06-07,2025-06-05,45842,2144
2025,239,31,3,1,PLIL23-763-201774473,PLNDP170133G,8,2025-07-05,7,104.52,2025-06-07,2025-06-05,45842,2239
2025,241,32,2,1,PLIL23-4722-200865908,PLNDP250149G,4,2025-07-03,5,104.52,2025-06-07,2025-06-05,45842,2241
2025,293,38,6,1,PLIL23-2554-201774451,PLNDP250064Y,7,2025-07-02,7,104.52,2025-06-07,2025-06-05,45842,2293
2025,317,41,5,1,PLIL23-267-201774452,PLNDP250072Y,7,2025-07-03,7,104.52,2025-06-07,2025-06-05,45842,2317
2025,260,34,5,1,PLIL23-1424-200865804,PLNDP170322Y,7,2025-07-03,7,104.52,2025-06-06,2025-06-05,45842,2260
2025,286,37,4,1,PLIL23-1450-200865806,PLNDP250054G,7,2025-07-03,9,104.52,2025-06-06,2025-06-05,45842,2286
2025,290,38,3,1,PLIL19-2033-200865730,PLNDP170350Y,8,2025-07-03,7,104.52,2025-06-06,2025-06-05,45842,2290
2025,346,45,8,1,PLIL23-1413-201774437,PLNDP121711R,4,2025-07-03,5,104.52,2025-06-06,2025-06-05,45842,2346
2025,161,22,2,1,PLIL21-5955-200865757,PLNDP170156Y,7,2025-07-01,5,104.52,2025-06-05,2025-06-05,45842,2161
2025,191,25,3,1,PLIL22-4169-200865776,PLNDP250174Y,8,2025-06-29,9,104.52,2025-06-05,2025-06-05,45842,2191
2025,115,16,4,1,PLIL20-6928-200865748,PLNDP121714R,1,2025-07-05,5,104.52,2025-06-04,2025-06-05,45842,2115
2025,254,33,4,1,PLIL21-8143-200865762,PLNDP250164Y,5,2025-07-01,5,104.52,2025-06-03,2025-06-05,45842,2254
2025,157,21,5,1,PLIL21-3542-200865751,PLNDP250160Y,2,2025-07-05,1,104.52,2025-06-09,2025-06-04,45842,2157
2025,396,51,6,1,PLIL21-5956-201774429,PLNDP250048Y,0,2025-07-03,5,104.52,2025-06-07,2025-06-04,45842,2396
2025,59,9,7,1,PLIL23-267-201774452,PLNDP250033Y,7,2025-07-03,7,104.52,2025-06-05,2025-06-04,45842,2059
2025,194,26,3,1,PLIL23-4835-200865910,PLNDP250070Y,8,2025-06-30,7,104.52,2025-06-05,2025-06-04,45842,2194
2025,152,20,9,1,PLIL23-2942-200865851,PLNDP250160Y,0,2025-07-04,3,104.52,2025-06-08,2025-06-03,45842,2152
2025,273,36,2,1,PLIL23-739-200865919,PLNDP170350Y,3,2025-07-03,5,104.52,2025-06-08,2025-06-03,45842,2273
2025,28,5,6,1,PLIL23-445-200865900,PLNDP250112G,3,2025-07-05,5,104.52,2025-06-07,2025-06-03,45842,2028
2025,195,26,4,1,PLIL23-1608-200865808,PLNDP170111G,8,2025-07-02,3,104.52,2025-05-31,2025-06-04,45837,2195
2025,280,36,9,1,PLIL23-1815-200865828,PLNDP170336G,8,2025-07-05,3,104.52,2025-06-07,2025-06-03,45842,2280
2025,363,47,7,1,PLIL23-957-200865930,PLNDP170011G,7,2025-07-03,7,104.52,2025-06-07,2025-06-03,45842,2363
2025,237,31,5,1,PLIL19-1222-200865729,PLNDP250030Y,6,2025-07-03,3,104.52,2025-06-05,2025-06-03,45842,2237
2025,234,31,8,1,PLIL23-612-201774470,PLNDP250030Y,5,2025-07-03,7,104.52,2025-06-05,2025-06-03,45842,2234
2025,159,21,3,1,PLIL23-251-201774450,PLNDP250175Y,2,2025-07-03,5,104.52,2025-06-04,2025-06-03,45842,2159
2025,208,27,2,1,PLIL23-1666-201774446,PLNDP150412G,1,2025-07-03,5,104.52,2025-05-31,2025-06-04,45843,2208
2025,193,26,2,1,PLIL23-1462-201774438,PLNDP170101G,7,2025-07-02,5,104.52,2025-06-04,2025-06-03,45842,2193
2025,274,36,3,1,PLIL20-6928-200865748,PLNDP170094Y,7,2025-07-02,7,104.52,2025-06-04,2025-06-03,45842,2274
2025,397,51,5,1,PLIL22-2364-200865769,PLNDP170057G,8,2025-07-02,5,104.52,2025-06-04,2025-06-03,45842,2397
2025,98,14,3,1,PLIL20-8446-201774426,PLNDP250150G,4,2025-07-04,7,104.52,2025-06-02,2025-06-03,45842,2098
2025,83,12,4,1,PLIL23-1410-200865799,PLNDP250133G,7,2025-07-05,5,104.52,2025-06-08,2025-06-02,45842,2083
2025,155,21,7,1,PLIL23-923-200865927,PLNDP170039G,8,2025-07-03,7,104.52,2025-06-07,2025-06-02,45842,2155
2025,361,47,9,1,PLIL19-2033-200865730,PLNDP250031Y,7,2025-07-04,9,104.52,2025-06-07,2025-06-02,45842,2361
2025,86,12,7,1,PLIL23-3621-200865864,PLNDP160188Y,3,2025-07-03,7,104.52,2025-06-06,2025-06-02,45842,2086
2025,158,21,4,1,PLIL23-1422-200865802,PLNDP250139G,4,2025-07-04,5,104.52,2025-06-07,2025-06-01,45842,2158
2025,56,8,9,1,PLIL22-4235-200865777,PLNDP170012G,8,2025-07-03,7,104.52,2025-06-06,2025-05-31,45842,2056
2025,32,5,2,1,PLIL22-3365-200865773,PLNDP250123Y,2,2025-07-05,7,104.52,2025-06-03,2025-05-30,45842,2032
2025,258,34,3,1,PLIL23-4118-200865890,PLNDP150476G,8,2025-07-03,5,104.52,2025-06-07,2025-05-28,45842,2258
2025,390,50,7,1,PLIL23-1655-200865820,PLNDP250035G,0,2025-07-01,7,104.52,2025-06-03,2025-06-10,45841,2390
2025,288,37,2,1,PLIL23-1450-200865806,PLNDP150210Y,6,2025-07-03,7,104.52,2025-06-07,2025-06-09,45841,2288
2025,362,47,8,1,PLIL23-3838-200865882,PLNDP250043Y,7,2025-07-03,7,104.52,2025-06-07,2025-06-09,45841,2362
2025,205,27,5,1,PLIL19-6345-200865737,PLNDP250081Y,2,2025-07-04,7,104.52,2025-06-06,2025-06-09,45841,2205
2025,215,28,8,1,PLIL23-4575-201774467,PLNDP250043Y,1,2025-07-01,5,104.52,2025-06-06,2025-06-09,45841,2215
2025,134,18,7,1,PLIL23-4555-201774466,PLNDP250044Y,3,2025-07-01,7,104.52,2025-06-03,2025-06-09,45841,2134
2025,156,21,6,1,PLIL23-911-200865925,PLNDP250045Y,3,2025-07-04,5,104.52,2025-06-08,2025-06-08,45841,2156
2025,40,6,9,1,PLIL23-1764-200865825,PLNDP170182Y,8,2025-07-03,7,104.52,2025-06-06,2025-06-08,45841,2040
2025,171,23,7,1,PLIL23-612-201774470,PLNDP170177Y,7,2025-07-03,5,104.52,2025-06-06,2025-06-08,45841,2171
2025,287,37,3,1,PLIL23-4554-200865904,PLNDP250130Y,0,2025-07-03,7,104.52,2025-06-04,2025-06-08,45841,2287
2025,16,3,2,1,PLIL23-3228-200865853,PLNDP250085Y,3,2025-07-04,5,104.52,2025-06-09,2025-06-07,45841,2016
2025,169,23,9,1,PLIL23-2458-200865842,PLNDP170185Y,5,2025-07-04,5,104.52,2025-06-09,2025-06-07,45841,2169
2025,202,27,8,1,PLIL23-971-200865932,PLNDP170156Y,1,2025-07-03,5,104.52,2025-06-08,2025-06-07,45841,2202
2025,350,45,4,1,PLIL23-3731-201774459,PLNDP250099Y,6,2025-07-04,7,104.52,2025-06-08,2025-06-07,45841,2350
2025,136,18,9,1,PLIL23-1614-200865811,PLNDP170182Y,5,2025-07-03,7,104.52,2025-06-07,2025-06-07,45841,2136
2025,163,22,4,1,PLIL23-3710-201774458,PLNDP250066Y,7,2025-07-03,7,104.52,2025-06-07,2025-06-07,45841,2163
2025,200,26,9,1,PLIL23-259-200865845,PLNDP150223G,9,2025-07-03,9,104.52,2025-06-07,2025-06-07,45841,2200
2025,41,7,9,1,PLIL23-271-200865849,PLNDP250153Y,7,2025-07-04,7,104.52,2025-06-06,2025-06-07,45841,2041
2025,393,51,9,1,PLIL23-1236-200865795,PLNDP250062Y,4,2025-07-02,7,104.52,2025-06-06,2025-06-07,45841,2393
2025,60,9,6,1,PLIL23-3874-200865886,PLNDP250189G,7,2025-07-01,5,104.52,2025-06-05,2025-06-07,45841,2060
2025,103,14,8,1,PLIL23-2134-200865834,PLNDP250149G,6,2025-07-01,9,104.52,2025-06-05,2025-06-07,45841,2103
2025,148,20,5,1,PLIL23-1610-200865809,PLNDP250064Y,3,2025-07-04,3,104.52,2025-06-04,2025-06-07,45841,2148
2025,391,50,8,1,PLIL23-1644-201774443,PLNDP250090Y,1,2025-07-03,5,104.52,2025-06-04,2025-06-07,45841,2391
2025,46,7,4,1,PLIL23-1644-201774443,PLNDP170202Y,2,2025-07-03,5,104.52,2025-06-01,2025-06-07,45841,2046
2025,187,25,7,1,PLIL23-423-200865894,PLNDP250051Y,8,2025-07-03,7,104.52,2025-06-09,2025-06-06,45841,2187
2025,281,37,9,1,PLIL23-4144-200865891,PLNDP250065Y,7,2025-07-05,5,104.52,2025-06-08,2025-06-06,45841,2281
2025,24,4,9,1,PLIL23-1556-201774441,PLNDP250174Y,3,2025-07-05,5,104.52,2025-06-07,2025-06-06,45841,2024
2025,184,24,9,1,PLIL19-6432-200865739,PLNDP120083Y,3,2025-07-04,5,104.52,2025-06-07,2025-06-06,45841,2184
2025,340,44,5,1,PLIL23-3576-200865862,PLNDP150223G,8,2025-07-04,5,104.52,2025-06-07,2025-06-06,45841,2340
2025,381,49,5,1,PLIL23-247-200865843,PLNDP250051Y,8,2025-07-02,9,104.52,2025-06-07,2025-06-06,45841,2381
2025,6,2,7,1,PLIL23-1806-200865827,PLNDP120083Y,0,2025-07-03,7,104.52,2025-06-06,2025-06-06,45841,2006
2025,232,30,9,1,PLIL19-4556-200865732,PLNDP120083Y,5,2025-07-03,7,104.52,2025-06-06,2025-06-06,45841,2232
2025,275,36,4,1,PLIL22-1256-201774431,PLNDP250058G,9,2025-06-30,7,104.52,2025-06-06,2025-06-06,45841,2275
2025,376,48,9,1,PLIL23-621-200865915,PLNDP170177Y,5,2025-07-04,7,104.52,2025-06-06,2025-06-06,45841,2376
2025,13,3,5,1,PLIL23-660-201774471,PLNDP250125Y,0,2025-07-05,9,104.52,2025-06-05,2025-06-06,45841,2013
2025,328,42,9,1,PLIL23-3848-200865884,PLNDP160153Y,8,2025-07-02,7,104.52,2025-06-05,2025-06-06,45841,2328
2025,339,44,4,1,PLIL19-4877-200865733,PLNDP170153Y,7,2025-07-03,7,104.52,2025-06-05,2025-06-06,45841,2339
2025,92,13,6,1,PLIL23-723-200865918,PLNDP250172Y,5,2025-07-05,7,104.52,2025-06-09,2025-06-05,45841,2092
2025,43,7,7,1,PLIL23-3669-200865869,PLNDP250162Y,7,2025-07-04,7,104.52,2025-06-08,2025-06-05,45841,2043
2025,69,10,6,1,PLIL23-1228-200865794,PLNDP250163Y,7,2025-07-03,5,104.52,2025-06-08,2025-06-05,45841,2069
2025,70,10,7,1,PLIL23-906-200865923,PLNDP250034Y,7,2025-07-03,7,104.52,2025-06-08,2025-06-05,45841,2070
2025,263,34,8,1,PLIL23-2942-200865851,PLNDP250087Y,7,2025-07-04,7,104.52,2025-06-08,2025-06-05,45841,2263
2025,12,3,6,1,PLIL23-3673-200865870,PLNDP250164Y,2,2025-07-03,3,104.52,2025-06-07,2025-06-05,45841,2012
2025,38,6,7,1,PLIL23-965-201774476,PLNDP250051Y,6,2025-07-03,9,104.52,2025-06-07,2025-06-05,45841,2038
2025,72,10,9,1,PLIL23-3710-201774458,PLNDP120181Y,6,2025-07-03,7,104.52,2025-06-07,2025-06-05,45841,2072
2025,122,17,8,1,PLIL21-753-200865759,PLNDP250166Y,2,2025-07-03,3,104.52,2025-06-07,2025-06-05,45841,2122
2025,160,21,2,1,PLIL23-3572-200865861,PLNDP250062Y,8,2025-07-03,5,104.52,2025-06-07,2025-06-05,45841,2160
2025,226,30,3,1,PLIL23-3838-200865882,PLNDP150179Y,7,2025-07-04,5,104.52,2025-06-07,2025-06-05,45841,2226
2025,230,30,7,1,PLIL23-3826-200865878,PLNDP250068Y,6,2025-07-03,9,104.52,2025-06-07,2025-06-05,45841,2230
2025,233,31,9,1,PLIL23-2010-200865831,PLNDP250105G,7,2025-07-03,7,104.52,2025-06-07,2025-06-05,45841,2233
2025,289,38,2,1,PLIL23-377-200865876,PLNDP250067Y,4,2025-07-03,7,104.52,2025-06-07,2025-06-05,45841,2289
2025,296,38,9,1,PLIL21-5955-200865757,PLNDP250164Y,7,2025-07-03,7,104.52,2025-06-07,2025-06-05,45841,2296
2025,329,43,9,1,PLIL23-453-201774464,PLNDP170133G,8,2025-07-04,7,104.52,2025-06-07,2025-06-05,45841,2329
2025,356,46,5,1,PLIL23-971-200865932,PLNDP250094Y,4,2025-07-04,7,104.52,2025-06-07,2025-06-05,45841,2356
2025,372,48,5,1,PLIL23-268-200865848,PLNDP250073Y,7,2025-07-03,5,104.52,2025-06-07,2025-06-05,45841,2372
2025,23,4,8,1,PLIL23-660-201774471,PLNDP250178Y,5,2025-07-03,5,104.52,2025-06-06,2025-06-05,45841,2023
2025,37,6,6,1,PLIL23-1165-201774436,PLNDP250115G,5,2025-07-03,7,104.52,2025-06-06,2025-06-05,45841,2037
2025,57,9,9,1,PLIL23-1259-200865796,PLNDP250105G,8,2025-07-01,9,104.52,2025-06-06,2025-06-05,45841,2057
2025,249,33,9,1,PLIL19-3618-201774420,PLNDP121714R,7,2025-07-02,7,104.52,2025-06-06,2025-06-05,45841,2249
2025,264,34,9,1,PLIL23-3826-200865878,PLNDP170133G,8,2025-07-04,9,104.52,2025-06-06,2025-06-05,45841,2264
2025,267,35,7,1,PLIL23-3842-200865883,PLNDP170273Y,9,2025-07-02,9,104.52,2025-06-06,2025-06-05,45841,2267
2025,10,3,8,1,PLIL23-260-200865846,PLNDP170031G,6,2025-07-03,7,104.52,2025-06-05,2025-06-05,45841,2010
2025,124,17,6,1,PLIL23-2134-200865834,PLNDP170011G,8,2025-07-02,5,104.52,2025-06-05,2025-06-05,45841,2124
2025,324,42,5,1,PLIL23-3669-200865869,PLNDP250166Y,7,2025-07-02,7,104.52,2025-06-05,2025-06-05,45841,2324
2025,368,47,2,1,PLIL19-4556-200865732,PLNDP170252Y,3,2025-07-03,5,104.52,2025-06-05,2025-06-05,45841,2368
2025,25,5,9,1,PLIL22-1939-200865765,PLNDP250068Y,7,2025-07-03,7,104.52,2025-06-04,2025-06-05,45841,2025
2025,349,45,5,1,PLIL19-4877-200865733,PLNDP250154Y,8,2025-07-03,7,104.52,2025-06-04,2025-06-05,45841,2349
2025,306,40,3,1,PLIL23-1608-200865808,PLNDP250159Y,0,2025-07-01,5,104.52,2025-06-03,2025-06-05,45841,2306
2025,78,11,4,1,PLIL23-4144-200865891,PLND DAWN,7,2025-07-05,3,104.52,2025-06-10,2025-06-04,45841,2078
2025,66,10,3,1,PLIL23-3576-200865862,PLNDP250164Y,6,2025-07-05,9,104.52,2025-06-07,2025-06-04,45841,2066
2025,142,19,4,1,PLIL22-948-200865787,PLNDP170322Y,7,2025-07-03,7,104.52,2025-06-07,2025-06-04,45841,2142
2025,385,50,2,1,PLIL19-5336-201774422,PLNDP250084Y,5,2025-07-03,7,104.52,2025-06-06,2025-06-04,45841,2385
2025,113,16,2,1,PLIL23-3675-200865871,PLNDP250165Y,7,2025-06-30,7,104.52,2025-06-05,2025-06-04,45841,2113
2025,316,41,6,1,PLIL23-3673-200865870,PLNDP170322Y,8,2025-06-30,7,104.52,2025-06-05,2025-06-04,45841,2316
2025,18,4,3,1,PLIL20-6928-200865748,PLNDP250120G,7,2025-07-02,7,104.52,2025-06-03,2025-06-04,45841,2018
2025,305,40,2,1,PLIL23-260-200865846,PLNDP250070Y,7,2025-06-30,7,104.52,2025-06-03,2025-06-04,45841,2305
2025,99,14,4,1,PLIL23-1613-200865810,PLNDP170110Y,8,2025-07-03,9,104.52,2025-06-02,2025-06-04,45841,2099
2025,270,35,4,1,PLIL23-4049-200865889,PLNDP170336G,8,2025-07-05,7,104.52,2025-06-08,2025-06-03,45841,2270
2025,53,8,6,1,PLIL23-3565-200865860,PLNDP150106G,8,2025-07-03,5,104.52,2025-06-07,2025-06-03,45841,2053
2025,216,28,9,1,PLIL20-5913-200865745,PLNDP150106G,7,2025-07-01,5,104.52,2025-06-07,2025-06-03,45841,2216
2025,278,36,7,1,PLIL23-268-200865848,PLNDP170008G,8,2025-07-02,7,104.52,2025-06-07,2025-06-03,45841,2278
2025,285,37,5,1,PLIL23-1450-200865806,PLNDP250160Y,7,2025-07-04,7,104.52,2025-06-07,2025-06-03,45841,2285
2025,298,39,8,1,PLIL23-1462-201774438,PLNDP250076Y,8,2025-07-03,7,104.52,2025-06-07,2025-06-03,45841,2298
2025,325,42,6,1,PLIL23-445-200865900,PLNDP170094Y,7,2025-07-03,7,104.52,2025-06-07,2025-06-03,45841,2325
2025,342,44,7,1,PLIL23-951-201774474,PLNDP140510Y,8,2025-07-03,9,104.52,2025-06-07,2025-06-03,45841,2342
2025,9,3,9,1,PLIL23-2371-200865840,PLNDP250029Y,3,2025-07-04,7,104.52,2025-06-06,2025-06-03,45841,2009
2025,357,46,6,1,PLIL23-661-200865917,PLNDP250138G,2,2025-07-04,7,104.52,2025-06-06,2025-06-03,45841,2357
2025,360,46,9,1,PLIL23-1423-200865803,PLNDP170111G,7,2025-07-05,5,104.52,2025-06-06,2025-06-03,45841,2360
2025,312,40,9,1,PLIL21-6116-201774430,PLNDP170001G,6,2025-07-03,9,104.52,2025-06-05,2025-06-03,45841,2312
2025,183,24,8,1,PLIL23-4546-200865903,PLNDP170328G,5,2025-07-03,7,104.52,2025-06-04,2025-06-03,45841,2183
2025,220,29,6,1,PLIL22-1423-200865764,PLNDP250150G,7,2025-07-02,5,104.52,2025-06-04,2025-06-03,45841,2220
2025,335,43,3,1,PLIL23-4572-200865905,PLNDP170056G,8,2025-07-02,7,104.52,2025-06-03,2025-06-03,45841,2335
2025,231,30,8,1,PLIL23-1450-200865806,PLNDP250097Y,8,2025-07-03,9,104.52,2025-06-08,2025-06-02,45841,2231
2025,301,39,5,1,PLIL23-1462-201774438,PLNDP170099G,9,2025-07-05,7,104.52,2025-06-07,2025-06-02,45841,2301
2025,336,43,2,1,PLIL23-1228-200865794,PLNDP250031Y,6,2025-07-03,7,104.52,2025-06-07,2025-06-02,45841,2336
2025,64,9,2,1,PLIL23-3635-200865866,PLNDP170054Y,7,2025-07-04,5,104.52,2025-06-05,2025-06-02,45841,2064
2025,197,26,6,1,PLIL23-4252-200865896,PLNDP250031Y,4,2025-07-03,5,104.52,2025-06-05,2025-06-02,45841,2197
2025,369,48,2,1,PLIL23-1547-201774440,PLNDP170350Y,4,2025-07-03,7,104.52,2025-06-05,2025-06-02,45841,2369
2025,379,49,7,1,PLIL23-259-200865845,PLNDP250031Y,7,2025-07-01,9,104.52,2025-06-05,2025-06-02,45841,2379
2025,116,16,5,1,PLIL23-4572-200865905,PLNDP170043G,7,2025-07-04,5,104.52,2025-06-04,2025-06-02,45841,2116
2025,384,49,2,1,PLIL22-1256-201774431,PLNDP170031G,6,2025-06-30,7,104.52,2025-06-04,2025-06-02,45841,2384
2025,143,19,3,1,PLIL23-2034-200865833,PLNDP170099G,9,2025-07-04,9,104.52,2025-06-07,2025-06-01,45841,2143
2025,387,50,4,1,PLIL23-3823-200865877,PLNDP170057G,6,2025-07-04,5,104.52,2025-06-07,2025-06-01,45841,2387
2025,172,23,6,1,PLIL21-4011-200865752,PLNDP170328G,7,2025-07-03,5,104.52,2025-06-05,2025-06-01,45841,2172
2025,330,43,8,1,PLIL23-4555-201774466,PLNDP170022G,7,2025-07-03,7,104.52,2025-06-04,2025-06-01,45841,2330
2025,359,46,8,1,PLIL23-4835-200865910,PLNDP160188Y,8,2025-06-30,7,104.52,2025-06-04,2025-06-01,45841,2359
2025,268,35,6,1,PLIL23-1613-200865810,PLNDP150084Y,8,2025-07-01,9,104.52,2025-06-01,2025-05-31,45841,2268
2025,138,19,8,1,PLIL23-3312-201774455,PLNDP250158Y,1,2025-07-04,5,104.52,2025-06-06,2025-06-09,45840,2138
2025,247,32,8,1,PLIL23-4274-200865898,PLNDP250101Y,5,2025-07-03,3,104.52,2025-06-05,2025-06-09,45840,2247
2025,74,11,8,1,PLIL23-1775-200865826,PLNDP150218Y,8,2025-07-03,9,104.52,2025-06-07,2025-06-07,45840,2074
2025,107,15,7,1,PLIL23-1228-200865794,PLNDP170161Y,7,2025-07-03,7,104.52,2025-06-07,2025-06-07,45840,2107
2025,210,28,3,1,PLIL23-1163-200865790,PLNDP250132Y,8,2025-07-02,7,104.52,2025-06-07,2025-06-07,45840,2210
2025,294,38,7,1,PLIL23-4444-201774463,PLNDP250050Y,6,2025-07-04,7,104.52,2025-06-07,2025-06-07,45840,2294
2025,334,43,4,1,PLIL23-247-200865843,PLNDP250050Y,7,2025-07-03,9,104.52,2025-06-07,2025-06-07,45840,2334
2025,85,12,6,1,PLIL22-1019-200865763,PLNDP250050Y,2,2025-07-03,3,104.52,2025-06-05,2025-06-07,45840,2085
2025,221,29,5,1,PLIL23-3335-200865854,PLNDP250155Y,6,2025-06-30,3,104.52,2025-06-05,2025-06-07,45840,2221
2025,314,41,8,1,PLIL21-8143-200865762,PLNDP160153Y,7,2025-07-03,5,104.52,2025-06-05,2025-06-07,45840,2314
2025,211,28,4,1,PLIL20-615-201774423,PLNDP250082Y,1,2025-06-30,5,104.52,2025-06-04,2025-06-07,45840,2211
2025,315,41,7,1,PLIL20-618-200865746,PLNDP250099Y,8,2025-06-30,7,104.52,2025-06-02,2025-06-07,45840,2315
2025,310,40,7,1,PLIL23-1613-200865810,PLNDP170252Y,7,2025-07-01,7,104.52,2025-06-01,2025-06-07,45840,2310
2025,399,51,3,1,PLIL23-1644-201774443,PLNDP170183Y,1,2025-07-01,7,104.52,2025-06-01,2025-06-07,45840,2399
2025,214,28,7,1,PLIL23-1547-201774440,PLNDP170161Y,4,2025-07-05,5,104.52,2025-06-09,2025-06-06,45840,2214
2025,212,28,5,1,PLIL23-3731-201774459,PLNDP170273Y,4,2025-07-04,5,104.52,2025-06-08,2025-06-06,45840,2212
2025,269,35,5,1,PLIL23-3838-200865882,PLNDP170156Y,7,2025-07-03,9,104.52,2025-06-05,2025-06-06,45840,2269
2025,242,32,3,1,PLIL23-1669-200865824,PLNDP250174Y,4,2025-07-01,7,104.52,2025-06-04,2025-06-06,45840,2242
2025,209,28,2,1,PLIL22-2231-200865766,PLNDP150070G,1,2025-07-01,3,104.52,2025-06-02,2025-06-06,45840,2209
2025,11,3,7,1,PLIL23-2253-200865838,PLNDP170153Y,1,2025-07-03,7,104.52,2025-06-08,2025-06-05,45840,2011
2025,224,29,2,1,PLIL23-739-200865919,PLNDP250048Y,1,2025-07-04,5,104.52,2025-06-08,2025-06-05,45840,2224
2025,123,17,7,1,PLIL21-5955-200865757,PLNDP170153Y,4,2025-07-03,7,104.52,2025-06-07,2025-06-05,45840,2123
2025,236,31,6,1,PLIL23-3337-200865855,PLNDP170202Y,8,2025-07-03,5,104.52,2025-06-07,2025-06-05,45840,2236
2025,282,37,8,1,PLIL23-739-200865919,PLNDP250048Y,8,2025-07-04,7,104.52,2025-06-07,2025-06-05,45840,2282
2025,27,5,7,1,PLIL23-2235-200865836,PLNDP150228Y,7,2025-07-05,7,104.52,2025-06-06,2025-06-05,45840,2027
2025,139,19,7,1,PLIL20-6928-200865748,PLNDP250120G,8,2025-06-30,5,104.52,2025-06-05,2025-06-05,45840,2139
2025,204,27,6,1,PLIL20-746-201774424,PLNDP250124Y,0,2025-07-02,3,104.52,2025-06-05,2025-06-05,45840,2204
2025,229,30,6,1,PLIL23-1364-200865798,PLNDP250047Y,3,2025-07-02,7,104.52,2025-06-05,2025-06-05,45840,2229
2025,248,32,9,1,PLIL23-612-201774470,PLNDP170177Y,6,2025-07-04,9,104.52,2025-06-05,2025-06-05,45840,2248
2025,332,43,6,1,PLIL22-1019-200865763,PLNDP170190Y,7,2025-07-01,5,104.52,2025-06-05,2025-06-05,45840,2332
2025,338,44,3,1,PLIL22-2364-200865769,PLNDP250084Y,9,2025-07-01,9,104.52,2025-06-04,2025-06-05,45840,2338
2025,4,2,5,1,PLIL23-1651-201774444,PLNDP121711R,0,2025-07-01,7,104.52,2025-06-03,2025-06-05,45840,2004
2025,353,46,2,1,PLIL23-1638-200865817,PLND DAWN,2,2025-07-01,7,104.52,2025-05-31,2025-06-01,7/1 08/06/25,2353
2025,198,26,7,1,PLIL23-1623-200865814,PLNDP150232Y,7,2025-07-01,7,104.52,2025-06-03,2025-06-05,45840,2198
2025,392,50,9,1,PLIL23-1631-200865816,PLNDP250163Y,4,2025-07-04,5,104.52,2025-06-03,2025-06-05,45840,2392
2025,114,16,3,1,PLIL21-4043-200865754,PLNDP250057G,8,2025-07-05,7,104.52,2025-06-05,2025-06-04,45840,2114
2025,76,11,6,1,PLIL21-3542-200865751,PLNDP250160Y,8,2025-07-03,3,104.52,2025-06-08,2025-06-03,45840,2076
2025,89,13,9,1,PLIL23-1450-200865806,PLND DAWN,7,2025-07-04,7,104.52,2025-06-07,2025-06-03,45840,2089
2025,277,36,6,1,PLIL23-1414-200865800,PLNDP160129G,7,2025-07-04,5,104.52,2025-06-07,2025-06-03,45840,2277
2025,117,16,6,1,PLIL23-652-200865916,PLNDP170039G,6,2025-07-03,7,104.52,2025-06-06,2025-06-03,45840,2117
2025,127,17,3,1,PLIL20-677-200865747,PLNDP170001G,8,2025-07-04,7,104.52,2025-06-05,2025-06-03,45840,2127
2025,222,29,4,1,PLIL23-4554-200865904,PLNDP250133G,2,2025-07-03,7,104.52,2025-06-04,2025-06-03,45840,2222
2025,318,41,4,1,PLIL22-5365-200865784,PLNDP250176Y,8,2025-07-03,5,104.52,2025-06-04,2025-06-03,45840,2318
2025,82,12,3,1,PLIL23-1859-201774449,PLNDP250133G,7,2025-07-03,7,104.52,2025-06-07,2025-06-02,45840,2082
2025,400,51,2,1,PLIL22-6264-200865786,PLNDP170057G,6,2025-07-03,7,104.52,2025-06-05,2025-06-02,45840,2400
2025,375,48,8,1,PLIL19-4877-200865733,PLND DAWN,8,2025-07-03,9,104.52,2025-06-04,2025-06-02,45840,2375
2025,327,42,8,1,PLIL22-5365-200865784,PLNDP250123Y,8,2025-07-03,5,104.52,2025-06-04,2025-05-30,45840,2327
2025,252,33,6,1,PLIL22-3365-200865773,PLNDP250123Y,6,2025-07-01,7,104.52,2025-06-03,2025-05-30,45840,2252
2025,380,49,6,1,PLIL23-4542-200865902,PLNDP150476G,2,2025-07-03,7,104.52,2025-06-06,2025-05-28,45840,2380
2025,44,7,6,1,PLIL23-4721-200865907,PLNDP170185Y,7,2025-07-03,5,104.52,2025-06-04,2025-06-08,45839,2044
2025,373,48,6,1,PLIL23-1657-200865821,PLNDP250161Y,7,2025-07-01,7,104.52,2025-06-01,2025-06-05,45839,2373
2025,5,2,6,1,PLIL23-1623-200865814,PLNDP170111G,7,2025-07-03,7,104.52,2025-06-03,2025-06-02,45839,2005
2025,326,42,7,1,PLIL20-8446-201774426,PLNDP170043G,8,2025-07-03,7,104.52,2025-06-04,2025-06-01,45839,2326
2025,389,50,6,1,PLIL20-8446-201774426,PLNDP170006G,7,2025-07-03,7,104.52,2025-06-02,2025-06-01,45839,2389
2025,35,6,4,1,PLIL23-1638-200865817,PLNDP170200Y,6,2025-06-29,9,104.52,2025-06-01,2025-06-07,45838,2035
2025,63,9,3,1,PLIL23-3730-200865872,PLNDP150231Y,6,2025-07-03,7,104.52,2025-06-09,2025-06-05,45838,2063
2025,77,11,5,1,PLIL23-1165-201774436,PLNDP250116G,7,2025-07-03,7,104.52,2025-06-06,2025-06-05,45838,2077
2025,61,9,5,1,PLIL23-1655-200865820,PLNDP170011G,5,2025-07-03,5,104.52,2025-06-02,2025-06-05,45838,2061
2025,304,39,2,1,PLIL21-4178-201774428,PLNDP250134G,3,2025-07-02,9,104.52,2025-06-03,2025-06-04,45838,2304
2025,366,47,4,1,PLIL23-2443-200865841,PLNDP170054Y,8,2025-07-04,5,104.52,2025-06-08,2025-06-03,45838,2366
2025,235,31,7,1,PLIL22-2662-200865770,PLND DAWN,8,2025-06-30,5,104.52,2025-06-04,2025-06-03,45838,2235
2025,382,49,4,1,PLIL22-5365-200865784,PLNDP250057G,6,2025-07-03,9,104.52,2025-06-04,2025-06-03,45838,2382
2025,3,2,4,1,PLIL23-509-200865911,PLNDP160188Y,6,2025-07-05,7,104.52,2025-06-10,2025-06-01,45838,2003
2025,297,39,9,1,PLIL23-1663-201774445,PLND DAWN,8,2025-07-01,9,104.52,2025-06-05,2025-05-30,45838,2297
2025,292,38,5,1,PLIL23-1628-200865815,PLNDP170022G,8,2025-07-01,7,104.52,2025-06-02,2025-05-29,45838,2292
2025,52,8,5,1,PLIL23-669-201774472,PLNDP250173Y,6,2025-07-03,7,104.52,2025-06-07,2025-06-05,45837,2052
2025,333,43,5,1,PLIL23-2235-200865836,PLNDP170190Y,7,2025-07-03,7,104.52,2025-06-05,2025-06-05,45837,2333
2025,175,23,3,1,PLIL23-939-200865928,PLNDP250172Y,8,2025-07-03,7,104.52,2025-06-07,2025-06-04,45837,2175
2025,1,2,2,1,PLIL23-512-200865912,PLNDP170247Y,6,2025-07-04,9,104.52,2025-06-08,2025-06-02,45837,2001
2025,20,4,5,1,PLIL23-4252-200865896,PLNDP250031Y,0,2025-07-05,7,104.52,2025-06-06,2025-06-02,45837,2020
2025,141,19,5,1,PLIL23-1037-200865788,PLNDP150119G,9,2025-07-03,5,104.52,2025-06-05,2025-06-02,45837,2141
2025,291,38,4,1,PLIL22-3262-201774434,PLNDP170110Y,6,2025-07-03,9,104.52,2025-06-05,2025-06-02,45837,2291
2025,118,16,7,1,PLIL21-5956-201774429,PLNDP170012G,7,2025-07-03,9,104.52,2025-06-07,2025-06-01,45837,2118
2025,201,27,9,1,PLIL23-3312-201774455,PLNDP250152Y,7,2025-07-03,5,104.52,2025-06-07,2025-06-01,45837,2201
2025,207,27,3,1,PLIL21-4178-201774428,PLNDP150412G,8,2025-07-03,5,104.52,2025-06-05,2025-06-01,45837,2207
2025,7,2,8,1,PLIL23-1663-201774445,PLNDP170006G,7,2025-07-03,5,104.52,2025-06-04,2025-06-01,45837,2007
2025,321,42,2,1,PLIL23-4469-200865901,PLNDP250172Y,8,2025-07-03,9,104.52,2025-06-05,2025-06-04,45836,2321
2025,15,3,3,1,PLIL23-422-201774462,PLNDP170028G,8,2025-07-04,9,104.52,2025-06-07,2025-06-01,45836,2015
2025,320,41,2,1,PLIL20-746-201774424,PLNDP150106G,8,2025-07-02,9,104.52,2025-06-04,2025-06-01,45836,2320
2025,50,8,3,1,PLIL19-7048-200865741,PLNDP250152Y,9,2025-07-03,7,104.52,2025-06-02,2025-06-01,45836,2050
