"bulk_pack","accession","Location","g_oat_per_location"
1,"IL15-2064",1,24
2,"IL15-2064",2,24
3,"IL15-2064",3,24
4,"IL17-1704",2,48
5,"IL17-3125",1,48
6,"IL17-3125",3,24
7,"IL17-3125",4,24
8,"IL17-3125",5,72
9,"IL19-1222",1,24
10,"IL19-1222",2,48
11,"IL19-1222",3,48
12,"IL19-1222",4,48
13,"IL19-1222",5,24
14,"IL19-2033",1,48
15,"IL19-2033",2,48
16,"IL19-2033",3,24
17,"IL19-2033",4,48
18,"IL19-2033",5,24
19,"IL19-2673",1,24
20,"IL19-2673",2,24
21,"IL19-2673",3,48
22,"IL19-2673",4,24
23,"IL19-3618",1,24
24,"IL19-3618",2,48
25,"IL19-3618",3,48
26,"IL19-3618",4,48
27,"IL19-3661",1,24
28,"IL19-3661",2,24
29,"IL19-3661",3,24
30,"IL19-3661",4,24
31,"IL19-3661",5,24
32,"IL19-4556",1,48
33,"IL19-4556",2,96
34,"IL19-4556",4,72
35,"IL19-4556",5,72
36,"IL19-4877",1,48
37,"IL19-4877",2,72
38,"IL19-4877",3,24
39,"IL19-4877",4,48
40,"IL19-4877",5,24
41,"IL19-511",2,48
42,"IL19-511",3,48
43,"IL19-511",4,48
44,"IL19-511",5,24
45,"IL19-5332",3,24
46,"IL19-5332",4,24
47,"IL19-5332",5,24
48,"IL19-5336",1,24
49,"IL19-5336",2,24
50,"IL19-5336",4,72
51,"IL19-5467",2,48
52,"IL19-5467",4,72
53,"IL19-5467",5,48
54,"IL19-6345",1,72
55,"IL19-6345",2,24
56,"IL19-6345",3,24
57,"IL19-6345",4,72
58,"IL19-6406",3,48
59,"IL19-6406",4,24
60,"IL19-6406",5,24
61,"IL19-6432",1,24
62,"IL19-6432",2,48
63,"IL19-6432",3,48
64,"IL19-6432",4,24
65,"IL19-6432",5,72
66,"IL19-6920",3,48
67,"IL19-6920",4,48
68,"IL19-6920",5,72
69,"IL19-7048",1,24
70,"IL19-7048",2,24
71,"IL19-7048",3,24
72,"IL19-7048",4,48
73,"IL19-7048",5,24
74,"IL19-7058",1,48
75,"IL19-7058",3,24
76,"IL19-7058",4,24
77,"IL19-7058",5,24
78,"IL19-7063",1,48
79,"IL19-7063",4,72
80,"IL19-7063",5,72
81,"IL20-1037",2,48
82,"IL20-1037",3,48
83,"IL20-1037",4,24
84,"IL20-1037",5,48
85,"IL20-5913",1,24
86,"IL20-5913",2,24
87,"IL20-5913",3,48
88,"IL20-5913",4,72
89,"IL20-5913",5,24
90,"IL20-615",1,48
91,"IL20-615",2,24
92,"IL20-615",3,48
93,"IL20-615",4,24
94,"IL20-615",5,24
95,"IL20-618",1,48
96,"IL20-618",2,24
97,"IL20-618",3,96
98,"IL20-677",2,24
99,"IL20-677",3,24
100,"IL20-677",4,48
101,"IL20-6928",1,48
102,"IL20-6928",2,120
103,"IL20-6928",3,24
104,"IL20-6928",4,48
105,"IL20-6928",5,48
106,"IL20-746",1,24
107,"IL20-746",2,48
108,"IL20-746",3,24
109,"IL20-746",4,48
110,"IL20-746",5,72
111,"IL20-7727",3,24
112,"IL20-7727",4,72
113,"IL20-7727",5,48
114,"IL20-7841",1,24
115,"IL20-7841",2,72
116,"IL20-7841",3,72
117,"IL20-7841",4,24
118,"IL20-8320",1,48
119,"IL20-8320",2,24
120,"IL20-8320",3,24
121,"IL20-8320",5,48
122,"IL20-8446",1,24
123,"IL20-8446",2,96
124,"IL20-8446",3,24
125,"IL20-8446",4,96
126,"IL20-8446",5,24
127,"IL20-8456",1,24
128,"IL20-8456",3,24
129,"IL20-8456",4,120
130,"IL20-8456",5,48
131,"IL21-3542",1,24
132,"IL21-3542",2,48
133,"IL21-3542",3,24
134,"IL21-3542",4,24
135,"IL21-3542",5,24
136,"IL21-4011",1,24
137,"IL21-4011",2,24
138,"IL21-4011",3,24
139,"IL21-4011",4,48
140,"IL21-4011",5,96
141,"IL21-4020",1,48
142,"IL21-4020",2,24
143,"IL21-4020",3,24
144,"IL21-4020",4,24
145,"IL21-4020",5,192
146,"IL21-4039",1,96
147,"IL21-4039",2,24
148,"IL21-4039",3,24
149,"IL21-4043",1,24
150,"IL21-4043",2,24
151,"IL21-4043",3,24
152,"IL21-4043",4,48
153,"IL21-4178",2,48
154,"IL21-4178",3,72
155,"IL21-4178",5,120
156,"IL21-4364",3,24
157,"IL21-4364",4,48
158,"IL21-4364",5,48
159,"IL21-5917",1,24
160,"IL21-5917",2,24
161,"IL21-5917",4,24
162,"IL21-5917",5,48
163,"IL21-5955",1,48
164,"IL21-5955",2,72
165,"IL21-5955",3,48
166,"IL21-5955",4,72
167,"IL21-5955",5,24
168,"IL21-5956",1,24
169,"IL21-5956",2,72
170,"IL21-5956",3,24
171,"IL21-5956",5,96
172,"IL21-6116",2,24
173,"IL21-6116",3,72
174,"IL21-6116",4,48
175,"IL21-6116",5,48
176,"IL21-6257",1,24
177,"IL21-6257",2,48
178,"IL21-6257",3,48
179,"IL21-6257",4,24
180,"IL21-6257",5,24
181,"IL21-753",1,24
182,"IL21-753",2,72
183,"IL21-753",3,96
184,"IL21-753",4,24
185,"IL21-753",5,24
186,"IL21-7653",1,48
187,"IL21-7653",2,24
188,"IL21-7653",3,24
189,"IL21-7653",4,48
190,"IL21-7653",5,72
191,"IL21-7822",1,48
192,"IL21-7822",2,48
193,"IL21-7822",3,48
194,"IL21-7822",4,48
195,"IL21-7822",5,24
196,"IL21-8143",1,72
197,"IL21-8143",2,48
198,"IL21-8143",3,48
199,"IL21-8143",4,24
200,"IL21-8143",5,120
201,"IL22-1019",1,24
202,"IL22-1019",2,48
203,"IL22-1019",3,24
204,"IL22-1019",4,48
205,"IL22-1019",5,24
206,"IL22-1256",1,24
207,"IL22-1256",2,48
208,"IL22-1256",3,24
209,"IL22-1256",4,48
210,"IL22-1256",5,24
211,"IL22-1423",1,48
212,"IL22-1423",2,24
213,"IL22-1423",3,24
214,"IL22-1423",4,48
215,"IL22-1423",5,24
216,"IL22-1939",1,24
217,"IL22-1939",2,24
218,"IL22-1939",3,48
219,"IL22-1939",4,48
220,"IL22-1939",5,24
221,"IL22-2231",2,24
222,"IL22-2231",3,72
223,"IL22-2231",5,24
224,"IL22-2250",1,72
225,"IL22-2250",4,24
226,"IL22-2250",5,24
227,"IL22-2362",4,72
228,"IL22-2362",5,48
229,"IL22-2364",1,48
230,"IL22-2364",2,72
231,"IL22-2364",5,24
232,"IL22-251",1,24
233,"IL22-251",2,24
234,"IL22-251",3,48
235,"IL22-2662",2,48
236,"IL22-2662",3,48
237,"IL22-2662",4,72
238,"IL22-2850",2,24
239,"IL22-2850",5,48
240,"IL22-2961",2,24
241,"IL22-2961",3,48
242,"IL22-3146",1,48
243,"IL22-3146",3,48
244,"IL22-3146",4,96
245,"IL22-3146",5,96
246,"IL22-3262",2,24
247,"IL22-3262",3,48
248,"IL22-3262",4,24
249,"IL22-3262",5,24
250,"IL22-3365",1,24
251,"IL22-3365",2,48
252,"IL22-3365",3,72
253,"IL22-3958",1,120
254,"IL22-3958",2,24
255,"IL22-3958",3,24
256,"IL22-3958",4,24
257,"IL22-3958",5,24
258,"IL22-4050",3,48
259,"IL22-4050",4,48
260,"IL22-4169",1,24
261,"IL22-4169",2,48
262,"IL22-4169",3,24
263,"IL22-4169",4,48
264,"IL22-4169",5,72
265,"IL22-4235",1,24
266,"IL22-4235",2,24
267,"IL22-4235",3,24
268,"IL22-4235",4,48
269,"IL22-4235",5,48
270,"IL22-4325",1,24
271,"IL22-4325",3,48
272,"IL22-4325",4,24
273,"IL22-4325",5,24
274,"IL22-4432",4,48
275,"IL22-4432",5,48
276,"IL22-4459",1,24
277,"IL22-4459",2,24
278,"IL22-4459",3,24
279,"IL22-4459",4,24
280,"IL22-4459",5,96
281,"IL22-4548",1,72
282,"IL22-4548",3,48
283,"IL22-4548",4,96
284,"IL22-4548",5,48
285,"IL22-4714",1,72
286,"IL22-4714",3,48
287,"IL22-4714",4,48
288,"IL22-4714",5,24
289,"IL22-5070",1,24
290,"IL22-5070",3,24
291,"IL22-5070",4,72
292,"IL22-5070",5,24
293,"IL22-5335",1,48
294,"IL22-5335",3,24
295,"IL22-5335",4,24
296,"IL22-5365",1,48
297,"IL22-5365",2,96
298,"IL22-5365",3,48
299,"IL22-5365",4,72
300,"IL22-5365",5,96
301,"IL22-5830",1,72
302,"IL22-5830",4,24
303,"IL22-6261",4,24
304,"IL22-6261",5,96
305,"IL22-6264",1,24
306,"IL22-6264",2,24
307,"IL22-6264",3,24
308,"IL22-6264",5,72
309,"IL22-948",2,24
310,"IL22-948",3,48
311,"IL22-948",4,24
312,"IL22-948",5,48
313,"IL23-1037",2,72
314,"IL23-1037",3,48
315,"IL23-1037",5,24
316,"IL23-1115",1,72
317,"IL23-1115",2,24
318,"IL23-1115",3,24
319,"IL23-1115",5,24
320,"IL23-1129",1,24
321,"IL23-1129",5,24
322,"IL23-1163",2,48
323,"IL23-1163",4,24
324,"IL23-1163",5,24
325,"IL23-1165",1,48
326,"IL23-1165",2,72
327,"IL23-1165",4,96
328,"IL23-1165",5,24
329,"IL23-1206",1,96
330,"IL23-1206",3,72
331,"IL23-1206",4,24
332,"IL23-1206",5,48
333,"IL23-1209",1,48
334,"IL23-1209",2,48
335,"IL23-1209",3,72
336,"IL23-1209",4,24
337,"IL23-1209",5,96
338,"IL23-1225",2,24
339,"IL23-1225",3,48
340,"IL23-1225",4,24
341,"IL23-1228",1,72
342,"IL23-1228",2,96
343,"IL23-1228",3,24
344,"IL23-1228",5,48
345,"IL23-1236",2,24
346,"IL23-1236",3,48
347,"IL23-1236",5,48
348,"IL23-1259",1,48
349,"IL23-1259",2,24
350,"IL23-1259",4,24
351,"IL23-1348",1,48
352,"IL23-1348",4,48
353,"IL23-1348",5,72
354,"IL23-1358",1,24
355,"IL23-1358",3,24
356,"IL23-1364",2,24
357,"IL23-1364",5,72
358,"IL23-1409",1,24
359,"IL23-1409",4,24
360,"IL23-1409",5,48
361,"IL23-1410",1,96
362,"IL23-1410",2,24
363,"IL23-1410",3,24
364,"IL23-1410",4,72
365,"IL23-1413",2,24
366,"IL23-1413",3,24
367,"IL23-1414",2,48
368,"IL23-1414",4,24
369,"IL23-1414",5,48
370,"IL23-1421",2,24
371,"IL23-1421",3,48
372,"IL23-1421",4,48
373,"IL23-1421",5,24
374,"IL23-1422",2,72
375,"IL23-1422",4,48
376,"IL23-1422",5,24
377,"IL23-1423",1,48
378,"IL23-1423",2,24
379,"IL23-1423",3,72
380,"IL23-1423",4,24
381,"IL23-1423",5,24
382,"IL23-1424",1,24
383,"IL23-1424",2,24
384,"IL23-1424",4,48
385,"IL23-1431",1,48
386,"IL23-1431",3,48
387,"IL23-1432",4,72
388,"IL23-1432",5,24
389,"IL23-1450",1,72
390,"IL23-1450",2,144
391,"IL23-1450",3,24
392,"IL23-1450",4,48
393,"IL23-1459",1,72
394,"IL23-1459",3,24
395,"IL23-1459",4,48
396,"IL23-1462",1,24
397,"IL23-1462",2,72
398,"IL23-1462",3,120
399,"IL23-1462",4,24
400,"IL23-1462",5,24
401,"IL23-1531",2,48
402,"IL23-1531",3,24
403,"IL23-1531",4,24
404,"IL23-1547",1,24
405,"IL23-1547",2,48
406,"IL23-1547",3,24
407,"IL23-1547",4,96
408,"IL23-1547",5,48
409,"IL23-1556",1,24
410,"IL23-1556",2,48
411,"IL23-1556",3,48
412,"IL23-1556",5,24
413,"IL23-1608",1,96
414,"IL23-1608",2,96
415,"IL23-1608",3,24
416,"IL23-1608",4,48
417,"IL23-1608",5,72
418,"IL23-1610",1,24
419,"IL23-1610",2,72
420,"IL23-1610",3,24
421,"IL23-1610",4,48
422,"IL23-1610",5,24
423,"IL23-1613",1,48
424,"IL23-1613",2,72
425,"IL23-1613",3,48
426,"IL23-1613",4,72
427,"IL23-1613",5,24
428,"IL23-1614",2,72
429,"IL23-1614",3,24
430,"IL23-1614",4,24
431,"IL23-1614",5,72
432,"IL23-1617",1,96
433,"IL23-1617",4,24
434,"IL23-1617",5,24
435,"IL23-1619",1,48
436,"IL23-1619",3,120
437,"IL23-1619",4,24
438,"IL23-1619",5,96
439,"IL23-1621",1,72
440,"IL23-1621",3,48
441,"IL23-1621",4,24
442,"IL23-1621",5,24
443,"IL23-1623",1,72
444,"IL23-1623",2,48
445,"IL23-1623",3,24
446,"IL23-1623",4,48
447,"IL23-1623",5,48
448,"IL23-1628",1,48
449,"IL23-1628",2,24
450,"IL23-1628",3,48
451,"IL23-1628",5,24
452,"IL23-1631",1,24
453,"IL23-1631",2,24
454,"IL23-1631",3,72
455,"IL23-1631",5,24
456,"IL23-1632",1,72
457,"IL23-1632",2,24
458,"IL23-1632",5,24
459,"IL23-1638",2,48
460,"IL23-1638",3,24
461,"IL23-1638",5,72
462,"IL23-1644",1,24
463,"IL23-1644",2,96
464,"IL23-1644",3,48
465,"IL23-1644",4,24
466,"IL23-1644",5,72
467,"IL23-1650",1,72
468,"IL23-1650",3,96
469,"IL23-1650",4,48
470,"IL23-1650",5,48
471,"IL23-1651",1,48
472,"IL23-1651",2,24
473,"IL23-1651",3,24
474,"IL23-1651",4,24
475,"IL23-1653",1,24
476,"IL23-1653",3,48
477,"IL23-1653",4,24
478,"IL23-1655",1,48
479,"IL23-1655",2,48
480,"IL23-1655",3,48
481,"IL23-1655",4,72
482,"IL23-1655",5,24
483,"IL23-1657",1,48
484,"IL23-1657",2,48
485,"IL23-1657",3,24
486,"IL23-1657",5,48
487,"IL23-1660",1,96
488,"IL23-1660",3,24
489,"IL23-1660",4,24
490,"IL23-1663",1,24
491,"IL23-1663",2,48
492,"IL23-1663",4,24
493,"IL23-1663",5,24
494,"IL23-1666",2,48
495,"IL23-1666",4,72
496,"IL23-1666",5,72
497,"IL23-1668",3,96
498,"IL23-1668",4,24
499,"IL23-1668",5,48
500,"IL23-1669",1,96
501,"IL23-1669",2,24
502,"IL23-1669",4,24
503,"IL23-1669",5,72
504,"IL23-1753",1,24
505,"IL23-1753",2,24
506,"IL23-1753",4,24
507,"IL23-1753",5,48
508,"IL23-1764",1,48
509,"IL23-1764",2,24
510,"IL23-1764",4,24
511,"IL23-1775",1,48
512,"IL23-1775",2,48
513,"IL23-1775",3,24
514,"IL23-1775",4,24
515,"IL23-1775",5,72
516,"IL23-1806",1,24
517,"IL23-1806",2,48
518,"IL23-1806",3,120
519,"IL23-1806",4,24
520,"IL23-1806",5,24
521,"IL23-1815",1,96
522,"IL23-1815",2,120
523,"IL23-1815",3,72
524,"IL23-1815",4,72
525,"IL23-1815",5,96
526,"IL23-1819",2,24
527,"IL23-1819",3,24
528,"IL23-1842",1,48
529,"IL23-1842",3,96
530,"IL23-1842",4,96
531,"IL23-1847",2,72
532,"IL23-1847",3,48
533,"IL23-1847",4,24
534,"IL23-1847",5,24
535,"IL23-1859",1,24
536,"IL23-1859",2,72
537,"IL23-1859",3,48
538,"IL23-1859",5,24
539,"IL23-1947",1,24
540,"IL23-1947",4,24
541,"IL23-1947",5,24
542,"IL23-1959",1,24
543,"IL23-1959",2,72
544,"IL23-1959",3,24
545,"IL23-1959",4,24
546,"IL23-2010",1,24
547,"IL23-2010",2,48
548,"IL23-2010",3,24
549,"IL23-2021",1,72
550,"IL23-2021",2,24
551,"IL23-2021",3,24
552,"IL23-2021",4,24
553,"IL23-2021",5,24
554,"IL23-2034",1,48
555,"IL23-2034",2,24
556,"IL23-2034",3,72
557,"IL23-2034",4,24
558,"IL23-2034",5,24
559,"IL23-2134",1,48
560,"IL23-2134",2,72
561,"IL23-2134",3,24
562,"IL23-2134",5,24
563,"IL23-2154",3,24
564,"IL23-2154",4,48
565,"IL23-2235",2,72
566,"IL23-2235",3,72
567,"IL23-2235",5,48
568,"IL23-2246",1,96
569,"IL23-2246",3,24
570,"IL23-2246",4,48
571,"IL23-2253",1,24
572,"IL23-2253",2,48
573,"IL23-2253",3,72
574,"IL23-2253",4,48
575,"IL23-236",1,48
576,"IL23-236",2,24
577,"IL23-236",4,24
578,"IL23-236",5,72
579,"IL23-2371",1,24
580,"IL23-2371",2,96
581,"IL23-2371",5,24
582,"IL23-2443",1,48
583,"IL23-2443",2,48
584,"IL23-2443",3,168
585,"IL23-2443",4,24
586,"IL23-2443",5,24
587,"IL23-2458",1,24
588,"IL23-2458",2,48
589,"IL23-2458",4,24
590,"IL23-2458",5,48
591,"IL23-247",1,48
592,"IL23-247",2,120
593,"IL23-247",3,72
594,"IL23-247",4,48
595,"IL23-247",5,24
596,"IL23-250",1,24
597,"IL23-250",2,48
598,"IL23-250",3,72
599,"IL23-250",4,48
600,"IL23-250",5,48
601,"IL23-251",1,72
602,"IL23-251",2,48
603,"IL23-251",4,72
604,"IL23-2554",1,72
605,"IL23-2554",2,24
606,"IL23-2554",3,24
607,"IL23-2554",4,24
608,"IL23-259",1,24
609,"IL23-259",2,96
610,"IL23-259",3,24
611,"IL23-259",4,72
612,"IL23-259",5,144
613,"IL23-260",1,96
614,"IL23-260",2,48
615,"IL23-260",4,48
616,"IL23-260",5,24
617,"IL23-2625",1,24
618,"IL23-2625",3,24
619,"IL23-2625",4,48
620,"IL23-2625",5,72
621,"IL23-267",1,24
622,"IL23-267",2,48
623,"IL23-267",3,24
624,"IL23-267",5,24
625,"IL23-268",1,96
626,"IL23-268",2,48
627,"IL23-268",3,24
628,"IL23-268",4,72
629,"IL23-271",1,24
630,"IL23-271",2,48
631,"IL23-271",3,72
632,"IL23-271",4,72
633,"IL23-271",5,48
634,"IL23-2751",1,24
635,"IL23-2751",2,24
636,"IL23-2751",3,48
637,"IL23-2751",4,24
638,"IL23-2751",5,72
639,"IL23-2843",3,48
640,"IL23-2843",4,72
641,"IL23-2843",5,24
642,"IL23-2942",1,24
643,"IL23-2942",2,96
644,"IL23-2942",4,24
645,"IL23-2954",4,72
646,"IL23-2954",5,48
647,"IL23-2956",1,72
648,"IL23-2956",2,24
649,"IL23-2956",4,24
650,"IL23-2956",5,24
651,"IL23-2963",1,24
652,"IL23-2963",2,24
653,"IL23-2963",3,24
654,"IL23-2963",4,24
655,"IL23-3228",2,24
656,"IL23-3228",3,24
657,"IL23-3228",4,24
658,"IL23-3312",1,48
659,"IL23-3312",2,48
660,"IL23-3312",3,48
661,"IL23-3312",4,48
662,"IL23-3312",5,72
663,"IL23-3335",1,24
664,"IL23-3335",2,24
665,"IL23-3335",4,48
666,"IL23-3337",1,24
667,"IL23-3337",2,24
668,"IL23-3337",3,48
669,"IL23-3337",5,120
670,"IL23-3434",1,24
671,"IL23-3434",2,24
672,"IL23-3434",4,24
673,"IL23-3443",1,24
674,"IL23-3443",2,48
675,"IL23-3443",3,72
676,"IL23-3443",4,72
677,"IL23-3443",5,24
678,"IL23-3468",1,72
679,"IL23-3468",4,24
680,"IL23-3468",5,120
681,"IL23-3517",1,24
682,"IL23-3517",4,24
683,"IL23-3517",5,24
684,"IL23-3545",3,24
685,"IL23-3545",4,72
686,"IL23-3545",5,48
687,"IL23-3549",1,24
688,"IL23-3549",3,24
689,"IL23-3549",4,24
690,"IL23-3549",5,72
691,"IL23-3565",1,96
692,"IL23-3565",2,24
693,"IL23-3565",4,48
694,"IL23-3565",5,24
695,"IL23-3572",1,48
696,"IL23-3572",2,48
697,"IL23-3572",3,48
698,"IL23-3572",4,24
699,"IL23-3572",5,24
700,"IL23-3576",1,48
701,"IL23-3576",2,96
702,"IL23-3576",3,72
703,"IL23-3576",4,24
704,"IL23-3576",5,24
705,"IL23-360",1,24
706,"IL23-360",3,72
707,"IL23-360",4,72
708,"IL23-360",5,72
709,"IL23-3621",2,48
710,"IL23-3621",3,24
711,"IL23-3621",4,24
712,"IL23-3627",1,24
713,"IL23-3627",2,24
714,"IL23-3627",3,48
715,"IL23-3627",4,48
716,"IL23-3627",5,72
717,"IL23-3635",2,48
718,"IL23-3635",4,24
719,"IL23-3645",3,24
720,"IL23-3655",1,72
721,"IL23-3655",2,24
722,"IL23-3655",3,48
723,"IL23-3655",4,48
724,"IL23-3655",5,24
725,"IL23-3661",1,48
726,"IL23-3661",4,24
727,"IL23-3661",5,72
728,"IL23-3669",2,48
729,"IL23-3669",3,48
730,"IL23-3669",4,48
731,"IL23-3673",1,48
732,"IL23-3673",2,48
733,"IL23-3673",3,24
734,"IL23-3675",1,24
735,"IL23-3675",2,24
736,"IL23-3675",3,48
737,"IL23-3675",4,48
738,"IL23-3710",2,72
739,"IL23-3710",4,48
740,"IL23-3710",5,24
741,"IL23-3730",1,24
742,"IL23-3730",2,48
743,"IL23-3730",3,72
744,"IL23-3730",4,96
745,"IL23-3731",1,48
746,"IL23-3731",2,72
747,"IL23-3731",3,24
748,"IL23-3731",4,48
749,"IL23-3731",5,24
750,"IL23-3738",1,24
751,"IL23-3738",3,48
752,"IL23-3738",4,24
753,"IL23-3751",1,24
754,"IL23-3751",2,24
755,"IL23-3751",4,24
756,"IL23-3751",5,48
757,"IL23-3754",1,48
758,"IL23-3754",2,24
759,"IL23-3754",5,24
760,"IL23-3759",1,24
761,"IL23-3759",3,24
762,"IL23-3759",4,48
763,"IL23-376",1,72
764,"IL23-376",3,24
765,"IL23-376",4,72
766,"IL23-376",5,48
767,"IL23-377",1,24
768,"IL23-377",2,24
769,"IL23-377",3,48
770,"IL23-377",4,72
771,"IL23-377",5,24
772,"IL23-3823",1,48
773,"IL23-3823",2,24
774,"IL23-3823",3,72
775,"IL23-3823",4,48
776,"IL23-3823",5,24
777,"IL23-3826",1,24
778,"IL23-3826",2,72
779,"IL23-3826",3,48
780,"IL23-3826",4,24
781,"IL23-3827",1,24
782,"IL23-3827",4,24
783,"IL23-3829",2,48
784,"IL23-3829",4,24
785,"IL23-3829",5,24
786,"IL23-3830",1,24
787,"IL23-3830",4,48
788,"IL23-3830",5,24
789,"IL23-3838",2,72
790,"IL23-3838",3,72
791,"IL23-3838",4,24
792,"IL23-3838",5,24
793,"IL23-3842",1,72
794,"IL23-3842",2,48
795,"IL23-3842",3,24
796,"IL23-3842",4,24
797,"IL23-3842",5,96
798,"IL23-3848",1,24
799,"IL23-3848",2,24
800,"IL23-3848",4,48
801,"IL23-3848",5,24
802,"IL23-3857",2,24
803,"IL23-3857",4,24
804,"IL23-3857",5,24
805,"IL23-3874",2,72
806,"IL23-3874",3,24
807,"IL23-3874",5,48
808,"IL23-4037",1,96
809,"IL23-4039",1,48
810,"IL23-4039",3,48
811,"IL23-4039",4,24
812,"IL23-4039",5,48
813,"IL23-4049",2,48
814,"IL23-4049",3,48
815,"IL23-4049",4,120
816,"IL23-4049",5,48
817,"IL23-4063",1,48
818,"IL23-4063",3,96
819,"IL23-4063",4,72
820,"IL23-4063",5,24
821,"IL23-4079",1,24
822,"IL23-4079",2,24
823,"IL23-4079",3,24
824,"IL23-4079",4,48
825,"IL23-4079",5,24
826,"IL23-4118",2,48
827,"IL23-4118",3,24
828,"IL23-4118",4,24
829,"IL23-4144",1,24
830,"IL23-4144",2,48
831,"IL23-4144",3,72
832,"IL23-415",1,48
833,"IL23-415",2,24
834,"IL23-415",3,24
835,"IL23-415",4,72
836,"IL23-415",5,72
837,"IL23-418",3,24
838,"IL23-422",2,24
839,"IL23-422",3,72
840,"IL23-422",5,72
841,"IL23-423",1,96
842,"IL23-423",2,48
843,"IL23-423",3,24
844,"IL23-423",4,48
845,"IL23-423",5,24
846,"IL23-4243",1,48
847,"IL23-4243",3,48
848,"IL23-4243",4,24
849,"IL23-4243",5,24
850,"IL23-4252",1,120
851,"IL23-4252",2,48
852,"IL23-4252",3,48
853,"IL23-4252",4,24
854,"IL23-4252",5,24
855,"IL23-4253",1,24
856,"IL23-4253",3,72
857,"IL23-4253",4,24
858,"IL23-4259",1,24
859,"IL23-4259",3,24
860,"IL23-4259",4,48
861,"IL23-4259",5,72
862,"IL23-4274",1,96
863,"IL23-4274",2,24
864,"IL23-4274",4,48
865,"IL23-4274",5,72
866,"IL23-4423",3,24
867,"IL23-4423",4,24
868,"IL23-4444",1,48
869,"IL23-4444",2,24
870,"IL23-4444",3,24
871,"IL23-445",2,72
872,"IL23-445",3,48
873,"IL23-445",4,24
874,"IL23-445",5,48
875,"IL23-4469",1,24
876,"IL23-4469",2,48
877,"IL23-4469",3,48
878,"IL23-4469",4,48
879,"IL23-4469",5,72
880,"IL23-453",1,48
881,"IL23-453",2,24
882,"IL23-453",3,24
883,"IL23-4542",2,48
884,"IL23-4542",3,24
885,"IL23-4543",1,24
886,"IL23-4543",3,72
887,"IL23-4543",4,24
888,"IL23-4546",1,48
889,"IL23-4546",2,24
890,"IL23-4546",3,48
891,"IL23-4546",4,24
892,"IL23-4546",5,72
893,"IL23-4547",1,24
894,"IL23-4547",2,24
895,"IL23-4547",3,24
896,"IL23-4547",4,48
897,"IL23-4547",5,48
898,"IL23-4554",1,24
899,"IL23-4554",2,72
900,"IL23-4554",3,24
901,"IL23-4554",4,24
902,"IL23-4555",1,24
903,"IL23-4555",2,48
904,"IL23-4555",3,48
905,"IL23-4555",4,24
906,"IL23-4572",1,96
907,"IL23-4572",2,48
908,"IL23-4572",3,72
909,"IL23-4572",4,48
910,"IL23-4572",5,72
911,"IL23-4575",2,24
912,"IL23-4575",4,24
913,"IL23-4575",5,72
914,"IL23-4718",3,24
915,"IL23-4718",4,24
916,"IL23-4718",5,72
917,"IL23-4721",1,24
918,"IL23-4721",2,48
919,"IL23-4722",1,24
920,"IL23-4722",2,24
921,"IL23-4722",3,72
922,"IL23-4722",4,96
923,"IL23-4722",5,72
924,"IL23-4746",2,24
925,"IL23-4746",3,24
926,"IL23-475",1,48
927,"IL23-475",3,72
928,"IL23-475",5,48
929,"IL23-4835",1,96
930,"IL23-4835",2,48
931,"IL23-4835",3,48
932,"IL23-4835",4,48
933,"IL23-4835",5,24
934,"IL23-509",2,24
935,"IL23-509",3,48
936,"IL23-509",5,24
937,"IL23-512",1,72
938,"IL23-512",2,24
939,"IL23-512",3,72
940,"IL23-512",4,24
941,"IL23-512",5,96
942,"IL23-524",1,144
943,"IL23-524",2,72
944,"IL23-524",3,72
945,"IL23-524",4,48
946,"IL23-524",5,144
947,"IL23-543",1,72
948,"IL23-543",2,24
949,"IL23-543",3,48
950,"IL23-543",4,48
951,"IL23-543",5,24
952,"IL23-551",1,48
953,"IL23-551",2,24
954,"IL23-551",3,24
955,"IL23-551",4,48
956,"IL23-551",5,48
957,"IL23-558",1,24
958,"IL23-558",2,48
959,"IL23-558",3,48
960,"IL23-558",4,48
961,"IL23-558",5,48
962,"IL23-612",1,120
963,"IL23-612",2,96
964,"IL23-612",5,48
965,"IL23-621",1,24
966,"IL23-621",2,72
967,"IL23-621",3,48
968,"IL23-621",4,72
969,"IL23-621",5,24
970,"IL23-652",1,48
971,"IL23-652",2,72
972,"IL23-652",3,24
973,"IL23-660",1,24
974,"IL23-660",2,120
975,"IL23-660",3,24
976,"IL23-660",4,24
977,"IL23-660",5,24
978,"IL23-661",2,24
979,"IL23-661",3,24
980,"IL23-661",4,24
981,"IL23-661",5,24
982,"IL23-669",1,24
983,"IL23-669",2,24
984,"IL23-669",3,96
985,"IL23-669",4,24
986,"IL23-669",5,96
987,"IL23-723",1,48
988,"IL23-723",2,24
989,"IL23-723",3,48
990,"IL23-723",4,24
991,"IL23-723",5,48
992,"IL23-739",1,120
993,"IL23-739",2,96
994,"IL23-739",4,24
995,"IL23-739",5,24
996,"IL23-763",2,72
997,"IL23-763",3,48
998,"IL23-763",4,72
999,"IL23-763",5,48
1000,"IL23-771",1,48
1001,"IL23-771",2,24
1002,"IL23-771",3,24
1003,"IL23-771",4,72
1004,"IL23-771",5,48
1005,"IL23-810",1,72
1006,"IL23-810",3,72
1007,"IL23-810",4,48
1008,"IL23-875",1,48
1009,"IL23-875",3,48
1010,"IL23-875",4,72
1011,"IL23-875",5,24
1012,"IL23-906",1,24
1013,"IL23-906",2,24
1014,"IL23-906",4,24
1015,"IL23-906",5,24
1016,"IL23-907",1,48
1017,"IL23-907",3,48
1018,"IL23-911",2,48
1019,"IL23-911",3,24
1020,"IL23-911",4,24
1021,"IL23-913",1,24
1022,"IL23-913",3,24
1023,"IL23-913",4,24
1024,"IL23-913",5,48
1025,"IL23-923",1,72
1026,"IL23-923",2,24
1027,"IL23-923",3,72
1028,"IL23-923",4,24
1029,"IL23-923",5,48
1030,"IL23-939",2,48
1031,"IL23-939",3,48
1032,"IL23-939",4,48
1033,"IL23-939",5,24
1034,"IL23-943",1,48
1035,"IL23-943",2,24
1036,"IL23-943",3,48
1037,"IL23-943",4,48
1038,"IL23-943",5,48
1039,"IL23-951",1,48
1040,"IL23-951",2,96
1041,"IL23-951",3,120
1042,"IL23-951",4,48
1043,"IL23-951",5,48
1044,"IL23-957",2,48
1045,"IL23-957",3,24
1046,"IL23-957",4,72
1047,"IL23-957",5,24
1048,"IL23-959",1,72
1049,"IL23-959",2,24
1050,"IL23-963",1,24
1051,"IL23-963",2,48
1052,"IL23-963",3,24
1053,"IL23-963",4,48
1054,"IL23-963",5,96
1055,"IL23-965",1,24
1056,"IL23-965",2,24
1057,"IL23-965",3,24
1058,"IL23-965",4,24
1059,"IL23-965",5,24
1060,"IL23-971",1,48
1061,"IL23-971",2,96
1062,"IL23-971",3,96
1063,"IL23-971",4,24
1064,"IL23-971",5,96
