observationunit_name,Plot score - 1-9 Rating,Plot size - feet,Lodging severity - 0-9 Rating|CO_350:0005007,Maturity date - Julian day|CO_350:0000271,Heading date - Julian day|CO_350:0000270,Pea Flowering Date - 10% - Julian Day|CO_xxx:0003014,Pea Maturity Date - Julian Day|CO_xxx:0003015,Maturity date - Julian day|CO_350:0000271,Heading date - Julian day|CO_350:0000270,Pea Flowering Date - 10% - Julian Day|CO_xxx:0003014,Pea Maturity Date - Julian Day|CO_xxx:0003015,,,,,,
B4I_2025_IA_2095,9,104.52,7,7/4/2025,6/2/2025,6/4/2025,7/1/2025,184,152,154,181,,,,,,1/1/2025
B4I_2025_IA_2240,5,104.52,3,7/3/2025,6/7/2025,6/3/2025,7/1/2025,183,157,153,181,,,,,,1/1/2025
B4I_2025_IA_2002,7,104.52,0,7/4/2025,6/6/2025,6/3/2025,7/1/2025,184,156,153,181,,,,,,1/1/2025
B4I_2025_IA_2048,5,104.52,1,7/3/2025,6/7/2025,6/8/2025,7/9/2025,183,157,158,189,,,,,,1/1/2025
B4I_2025_IA_2065,5,104.52,5,7/4/2025,6/4/2025,6/8/2025,7/9/2025,184,154,158,189,,,,,,1/1/2025
B4I_2025_IA_2188,3,104.52,5,7/3/2025,6/8/2025,6/7/2025,7/9/2025,183,158,157,189,,,,,,1/1/2025
B4I_2025_IA_2276,9,104.52,6,6/30/2025,6/3/2025,6/7/2025,7/9/2025,180,153,157,189,,,,,,1/1/2025
B4I_2025_IA_2244,5,104.52,1,7/5/2025,6/8/2025,6/3/2025,7/9/2025,185,158,153,189,,,,,,1/1/2025
B4I_2025_IA_2067,3,104.52,2,7/5/2025,6/7/2025,6/9/2025,7/8/2025,185,157,159,188,,,,,,1/1/2025
B4I_2025_IA_2313,9,104.52,8,7/3/2025,6/5/2025,6/9/2025,7/8/2025,183,155,159,188,,,,,,1/1/2025
B4I_2025_IA_2345,7,104.52,7,7/3/2025,6/5/2025,6/9/2025,7/8/2025,183,155,159,188,,,,,,1/1/2025
B4I_2025_IA_2203,3,104.52,6,7/1/2025,6/5/2025,6/8/2025,7/8/2025,181,155,158,188,,,,,,1/1/2025
B4I_2025_IA_2261,5,104.52,7,7/3/2025,6/5/2025,6/8/2025,7/8/2025,183,155,158,188,,,,,,1/1/2025
B4I_2025_IA_2331,9,104.52,4,7/1/2025,6/5/2025,6/8/2025,7/8/2025,181,155,158,188,,,,,,1/1/2025
B4I_2025_IA_2080,7,104.52,1,7/4/2025,6/7/2025,6/7/2025,7/8/2025,184,157,157,188,,,,,,1/1/2025
B4I_2025_IA_2262,9,104.52,7,7/3/2025,6/7/2025,6/7/2025,7/8/2025,183,157,157,188,,,,,,1/1/2025
B4I_2025_IA_2378,9,104.52,7,7/3/2025,6/7/2025,6/7/2025,7/8/2025,183,157,157,188,,,,,,1/1/2025
B4I_2025_IA_2386,5,104.52,7,7/3/2025,6/7/2025,6/7/2025,7/8/2025,183,157,157,188,,,,,,1/1/2025
B4I_2025_IA_2176,7,104.52,4,7/3/2025,6/6/2025,6/7/2025,7/8/2025,183,156,157,188,,,,,,1/1/2025
B4I_2025_IA_2364,7,104.52,7,7/3/2025,6/4/2025,6/7/2025,7/8/2025,183,154,157,188,,,,,,1/1/2025
B4I_2025_IA_2135,5,104.52,7,7/4/2025,6/8/2025,6/6/2025,7/8/2025,184,158,156,188,,,,,,1/1/2025
B4I_2025_IA_2167,7,104.52,3,7/3/2025,6/7/2025,6/5/2025,7/8/2025,183,157,155,188,,,,,,1/1/2025
B4I_2025_IA_2181,3,104.52,8,7/2/2025,6/7/2025,6/5/2025,7/8/2025,182,157,155,188,,,,,,1/1/2025
B4I_2025_IA_2271,5,104.52,0,7/3/2025,6/7/2025,6/5/2025,7/8/2025,183,157,155,188,,,,,,1/1/2025
B4I_2025_IA_2295,7,104.52,7,7/3/2025,6/5/2025,6/5/2025,7/8/2025,183,155,155,188,,,,,,1/1/2025
B4I_2025_IA_2189,7,104.52,8,6/29/2025,6/4/2025,6/5/2025,7/8/2025,179,154,155,188,,,,,,1/1/2025
B4I_2025_IA_2347,7,104.52,6,7/4/2025,6/6/2025,6/4/2025,7/8/2025,184,156,154,188,,,,,,1/1/2025
B4I_2025_IA_2377,7,104.52,7,7/4/2025,6/7/2025,6/3/2025,7/8/2025,184,157,153,188,,,,,,1/1/2025
B4I_2025_IA_2034,7,104.52,8,7/4/2025,6/5/2025,6/1/2025,7/8/2025,184,155,151,188,,,,,,1/1/2025
B4I_2025_IA_2096,5,104.52,4,7/4/2025,6/8/2025,6/11/2025,7/7/2025,184,158,161,187,,,,,,1/1/2025
B4I_2025_IA_2311,7,104.52,8,7/3/2025,6/7/2025,6/9/2025,7/7/2025,183,157,159,187,,,,,,1/1/2025
B4I_2025_IA_2344,5,104.52,6,7/2/2025,6/6/2025,6/8/2025,7/7/2025,182,156,158,187,,,,,,1/1/2025
B4I_2025_IA_2088,7,104.52,4,7/4/2025,6/8/2025,6/7/2025,7/7/2025,184,158,157,187,,,,,,1/1/2025
B4I_2025_IA_2140,3,104.52,6,7/3/2025,6/8/2025,6/7/2025,7/7/2025,183,158,157,187,,,,,,1/1/2025
B4I_2025_IA_2225,5,104.52,0,7/3/2025,6/7/2025,6/7/2025,7/7/2025,183,157,157,187,,,,,,1/1/2025
B4I_2025_IA_2257,3,104.52,5,7/3/2025,6/7/2025,6/7/2025,7/7/2025,183,157,157,187,,,,,,1/1/2025
B4I_2025_IA_2365,5,104.52,6,7/5/2025,6/7/2025,6/7/2025,7/7/2025,185,157,157,187,,,,,,1/1/2025
B4I_2025_IA_2051,5,104.52,8,7/4/2025,6/6/2025,6/7/2025,7/7/2025,184,156,157,187,,,,,,1/1/2025
B4I_2025_IA_2062,5,104.52,7,7/4/2025,6/6/2025,6/7/2025,7/7/2025,184,156,157,187,,,,,,1/1/2025
B4I_2025_IA_2284,7,104.52,3,7/3/2025,6/6/2025,6/7/2025,7/7/2025,183,156,157,187,,,,,,1/1/2025
B4I_2025_IA_2309,7,104.52,8,7/3/2025,6/5/2025,6/7/2025,7/7/2025,183,155,157,187,,,,,,1/1/2025
B4I_2025_IA_2091,7,104.52,3,7/3/2025,6/7/2025,6/5/2025,7/7/2025,183,157,155,187,,,,,,1/1/2025
B4I_2025_IA_2256,5,104.52,2,7/3/2025,6/5/2025,6/5/2025,7/7/2025,183,155,155,187,,,,,,1/1/2025
B4I_2025_IA_2395,7,104.52,3,7/3/2025,6/7/2025,6/4/2025,7/7/2025,183,157,154,187,,,,,,1/1/2025
B4I_2025_IA_2272,5,104.52,5,7/3/2025,6/4/2025,6/4/2025,7/7/2025,183,154,154,187,,,,,,1/1/2025
B4I_2025_IA_2133,3,104.52,7,7/4/2025,6/9/2025,6/3/2025,7/7/2025,184,159,153,187,,,,,,1/1/2025
B4I_2025_IA_2036,7,104.52,0,7/7/2025,6/10/2025,6/11/2025,7/6/2025,187,160,161,186,,,,,,1/1/2025
B4I_2025_IA_2045,5,104.52,2,7/3/2025,6/9/2025,6/10/2025,7/6/2025,183,159,160,186,,,,,,1/1/2025
B4I_2025_IA_2355,7,104.52,3,7/1/2025,6/3/2025,6/10/2025,7/6/2025,181,153,160,186,,,,,,1/1/2025
B4I_2025_IA_2021,5,104.52,5,7/3/2025,6/7/2025,6/9/2025,7/6/2025,183,157,159,186,,,,,,1/1/2025
B4I_2025_IA_2259,3,104.52,7,7/5/2025,6/6/2025,6/7/2025,7/6/2025,185,156,157,186,,,,,,1/1/2025
B4I_2025_IA_2303,9,104.52,8,7/4/2025,6/8/2025,6/5/2025,7/6/2025,184,158,155,186,,,,,,1/1/2025
B4I_2025_IA_2081,3,104.52,7,7/5/2025,6/7/2025,6/4/2025,7/6/2025,185,157,154,186,,,,,,1/1/2025
B4I_2025_IA_2153,7,104.52,4,7/3/2025,6/7/2025,6/3/2025,7/6/2025,183,157,153,186,,,,,,1/1/2025
B4I_2025_IA_2354,7,104.52,0,7/3/2025,6/5/2025,6/3/2025,7/6/2025,183,155,153,186,,,,,,1/1/2025
B4I_2025_IA_2351,7,104.52,8,7/3/2025,6/7/2025,6/2/2025,7/6/2025,183,157,152,186,,,,,,1/1/2025
B4I_2025_IA_2047,3,104.52,0,7/5/2025,6/9/2025,6/10/2025,7/5/2025,185,159,160,185,,,,,,1/1/2025
B4I_2025_IA_2094,5,104.52,3,7/4/2025,6/8/2025,6/10/2025,7/5/2025,184,158,160,185,,,,,,1/1/2025
B4I_2025_IA_2130,9,104.52,8,7/3/2025,6/8/2025,6/10/2025,7/5/2025,183,158,160,185,,,,,,1/1/2025
B4I_2025_IA_2075,7,104.52,8,7/3/2025,6/7/2025,6/10/2025,7/5/2025,183,157,160,185,,,,,,1/1/2025
B4I_2025_IA_2110,5,104.52,8,7/2/2025,6/3/2025,6/10/2025,7/5/2025,182,153,160,185,,,,,,1/1/2025
B4I_2025_IA_2149,3,104.52,7,7/3/2025,6/6/2025,6/9/2025,7/5/2025,183,156,159,185,,,,,,1/1/2025
B4I_2025_IA_2190,7,104.52,8,7/4/2025,6/4/2025,6/9/2025,7/5/2025,184,154,159,185,,,,,,1/1/2025
B4I_2025_IA_2017,5,104.52,3,7/4/2025,6/9/2025,6/8/2025,7/5/2025,184,159,158,185,,,,,,1/1/2025
B4I_2025_IA_2348,7,104.52,5,7/3/2025,6/6/2025,6/8/2025,7/5/2025,183,156,158,185,,,,,,1/1/2025
B4I_2025_IA_2383,7,104.52,5,7/3/2025,6/6/2025,6/8/2025,7/5/2025,183,156,158,185,,,,,,1/1/2025
B4I_2025_IA_2146,7,104.52,8,6/30/2025,6/3/2025,6/8/2025,7/5/2025,180,153,158,185,,,,,,1/1/2025
B4I_2025_IA_2031,7,104.52,6,7/5/2025,6/8/2025,6/7/2025,7/5/2025,185,158,157,185,,,,,,1/1/2025
B4I_2025_IA_2058,7,104.52,7,7/4/2025,6/8/2025,6/7/2025,7/5/2025,184,158,157,185,,,,,,1/1/2025
B4I_2025_IA_2166,5,104.52,3,7/3/2025,6/8/2025,6/7/2025,7/5/2025,183,158,157,185,,,,,,1/1/2025
B4I_2025_IA_2223,7,104.52,8,7/5/2025,6/8/2025,6/7/2025,7/5/2025,185,158,157,185,,,,,,1/1/2025
B4I_2025_IA_2071,7,104.52,6,7/4/2025,6/7/2025,6/7/2025,7/5/2025,184,157,157,185,,,,,,1/1/2025
B4I_2025_IA_2105,7,104.52,7,7/3/2025,6/7/2025,6/7/2025,7/5/2025,183,157,157,185,,,,,,1/1/2025
B4I_2025_IA_2165,5,104.52,3,7/3/2025,6/7/2025,6/7/2025,7/5/2025,183,157,157,185,,,,,,1/1/2025
B4I_2025_IA_2300,7,104.52,7,7/3/2025,6/7/2025,6/7/2025,7/5/2025,183,157,157,185,,,,,,1/1/2025
B4I_2025_IA_2341,7,104.52,6,7/3/2025,6/7/2025,6/7/2025,7/5/2025,183,157,157,185,,,,,,1/1/2025
B4I_2025_IA_2026,7,104.52,7,7/3/2025,6/6/2025,6/7/2025,7/5/2025,183,156,157,185,,,,,,1/1/2025
B4I_2025_IA_2033,7,104.52,1,7/3/2025,6/6/2025,6/7/2025,7/5/2025,183,156,157,185,,,,,,1/1/2025
B4I_2025_IA_2352,5,104.52,1,7/4/2025,6/6/2025,6/7/2025,7/5/2025,184,156,157,185,,,,,,1/1/2025
B4I_2025_IA_2131,3,104.52,7,7/2/2025,6/5/2025,6/7/2025,7/5/2025,182,155,157,185,,,,,,1/1/2025
B4I_2025_IA_2394,5,104.52,3,7/3/2025,6/5/2025,6/7/2025,7/5/2025,183,155,157,185,,,,,,1/1/2025
B4I_2025_IA_2097,5,104.52,1,7/3/2025,6/4/2025,6/7/2025,7/5/2025,183,154,157,185,,,,,,1/1/2025
B4I_2025_IA_2049,7,104.52,4,7/2/2025,6/2/2025,6/7/2025,7/5/2025,182,152,157,185,,,,,,1/1/2025
B4I_2025_IA_2218,7,104.52,3,7/1/2025,6/7/2025,6/6/2025,7/5/2025,181,157,156,185,,,,,,1/1/2025
B4I_2025_IA_2228,3,104.52,6,7/5/2025,6/7/2025,6/6/2025,7/5/2025,185,157,156,185,,,,,,1/1/2025
B4I_2025_IA_2227,7,104.52,1,7/5/2025,6/6/2025,6/6/2025,7/5/2025,185,156,156,185,,,,,,1/1/2025
B4I_2025_IA_2255,7,104.52,0,7/3/2025,6/5/2025,6/6/2025,7/5/2025,183,155,156,185,,,,,,1/1/2025
B4I_2025_IA_2101,5,104.52,7,7/3/2025,6/10/2025,6/5/2025,7/5/2025,183,160,155,185,,,,,,1/1/2025
B4I_2025_IA_2030,7,104.52,2,7/5/2025,6/8/2025,6/5/2025,7/5/2025,185,158,155,185,,,,,,1/1/2025
B4I_2025_IA_2100,5,104.52,1,7/5/2025,6/8/2025,6/5/2025,7/5/2025,185,158,155,185,,,,,,1/1/2025
B4I_2025_IA_2151,3,104.52,0,7/3/2025,6/8/2025,6/5/2025,7/5/2025,183,158,155,185,,,,,,1/1/2025
B4I_2025_IA_2217,5,104.52,1,7/4/2025,6/8/2025,6/5/2025,7/5/2025,184,158,155,185,,,,,,1/1/2025
B4I_2025_IA_2251,7,104.52,5,7/3/2025,6/8/2025,6/5/2025,7/5/2025,183,158,155,185,,,,,,1/1/2025
B4I_2025_IA_2337,7,104.52,6,7/4/2025,6/8/2025,6/5/2025,7/5/2025,184,158,155,185,,,,,,1/1/2025
B4I_2025_IA_2199,3,104.52,7,7/3/2025,6/7/2025,6/5/2025,7/5/2025,183,157,155,185,,,,,,1/1/2025
B4I_2025_IA_2219,5,104.52,7,7/2/2025,6/7/2025,6/5/2025,7/5/2025,182,157,155,185,,,,,,1/1/2025
B4I_2025_IA_2266,7,104.52,3,7/4/2025,6/7/2025,6/5/2025,7/5/2025,184,157,155,185,,,,,,1/1/2025
B4I_2025_IA_2322,6,104.52,8,7/3/2025,6/7/2025,6/5/2025,7/5/2025,183,157,155,185,,,,,,1/1/2025
B4I_2025_IA_2398,7,104.52,1,NA,6/7/2025,6/5/2025,7/5/2025,NA,157,155,185,,,,,,1/1/2025
B4I_2025_IA_2090,9,104.52,3,7/3/2025,6/6/2025,6/5/2025,7/5/2025,183,156,155,185,,,,,,1/1/2025
B4I_2025_IA_2106,7,104.52,4,7/4/2025,6/6/2025,6/5/2025,7/5/2025,184,156,155,185,,,,,,1/1/2025
B4I_2025_IA_2178,9,104.52,7,7/3/2025,6/5/2025,6/5/2025,7/5/2025,183,155,155,185,,,,,,1/1/2025
B4I_2025_IA_2177,9,104.52,8,7/4/2025,6/4/2025,6/5/2025,7/5/2025,184,154,155,185,,,,,,1/1/2025
B4I_2025_IA_2109,3,104.52,6,7/4/2025,6/8/2025,6/4/2025,7/5/2025,184,158,154,185,,,,,,1/1/2025
B4I_2025_IA_2079,9,104.52,9,7/4/2025,6/7/2025,6/4/2025,7/5/2025,184,157,154,185,,,,,,1/1/2025
B4I_2025_IA_2180,7,104.52,8,7/1/2025,6/7/2025,6/4/2025,7/5/2025,181,157,154,185,,,,,,1/1/2025
B4I_2025_IA_2192,7,104.52,2,7/3/2025,6/6/2025,6/4/2025,7/5/2025,183,156,154,185,,,,,,1/1/2025
B4I_2025_IA_2168,7,104.52,6,7/3/2025,6/5/2025,6/4/2025,7/5/2025,183,155,154,185,,,,,,1/1/2025
B4I_2025_IA_2137,5,104.52,0,7/4/2025,6/7/2025,6/3/2025,7/5/2025,184,157,153,185,,,,,,1/1/2025
B4I_2025_IA_2370,5,104.52,8,7/3/2025,6/7/2025,6/3/2025,7/5/2025,183,157,153,185,,,,,,1/1/2025
B4I_2025_IA_2388,7,104.52,2,7/4/2025,6/7/2025,6/3/2025,7/5/2025,184,157,153,185,,,,,,1/1/2025
B4I_2025_IA_2253,5,104.52,2,7/1/2025,6/6/2025,6/3/2025,7/5/2025,181,156,153,185,,,,,,1/1/2025
B4I_2025_IA_2246,3,104.52,7,7/3/2025,6/5/2025,6/3/2025,7/5/2025,183,155,153,185,,,,,,1/1/2025
B4I_2025_IA_2112,7,104.52,7,6/30/2025,6/1/2025,6/3/2025,7/5/2025,180,151,153,185,,,,,,1/1/2025
B4I_2025_IA_2185,7,104.52,9,7/3/2025,6/7/2025,6/2/2025,7/5/2025,183,157,152,185,,,,,,1/1/2025
B4I_2025_IA_2343,9,104.52,8,7/3/2025,6/7/2025,6/2/2025,7/5/2025,183,157,152,185,,,,,,1/1/2025
B4I_2025_IA_2358,7,104.52,7,7/4/2025,6/7/2025,6/2/2025,7/5/2025,184,157,152,185,,,,,,1/1/2025
B4I_2025_IA_2374,7,104.52,8,7/3/2025,6/7/2025,6/2/2025,7/5/2025,183,157,152,185,,,,,,1/1/2025
B4I_2025_IA_2145,5,104.52,9,7/3/2025,6/5/2025,6/2/2025,7/5/2025,183,155,152,185,,,,,,1/1/2025
B4I_2025_IA_2182,3,104.52,3,7/5/2025,6/8/2025,5/30/2025,7/5/2025,185,158,149,185,,,,,,1/1/2025
B4I_2025_IA_2054,9,104.52,7,7/3/2025,6/5/2025,5/30/2025,7/5/2025,183,155,149,185,,,,,,1/1/2025
B4I_2025_IA_2186,7,104.52,3,7/3/2025,6/7/2025,6/4/2025,7/4/2025,183,157,154,184,,,,,,1/1/2025
B4I_2025_IA_2170,5,104.52,2,7/3/2025,6/8/2025,6/3/2025,7/4/2025,183,158,153,184,,,,,,1/1/2025
B4I_2025_IA_2213,3,104.52,1,7/2/2025,6/7/2025,6/11/2025,7/4/2025,182,157,161,184,,,,,,1/1/2025
B4I_2025_IA_2150,5,104.52,1,7/1/2025,6/5/2025,6/11/2025,7/4/2025,181,155,161,184,,,,,,1/1/2025
B4I_2025_IA_2042,7,104.52,7,7/3/2025,6/8/2025,6/10/2025,7/4/2025,183,158,160,184,,,,,,1/1/2025
B4I_2025_IA_2084,3,104.52,2,7/4/2025,6/5/2025,6/10/2025,7/4/2025,184,155,160,184,,,,,,1/1/2025
B4I_2025_IA_2128,5,104.52,3,6/29/2025,6/3/2025,6/10/2025,7/4/2025,179,153,160,184,,,,,,1/1/2025
B4I_2025_IA_2039,7,104.52,4,7/3/2025,6/9/2025,6/9/2025,7/4/2025,183,159,159,184,,,,,,1/1/2025
B4I_2025_IA_2093,5,104.52,8,7/3/2025,6/9/2025,6/9/2025,7/4/2025,183,159,159,184,,,,,,1/1/2025
B4I_2025_IA_2129,7,104.52,6,7/2/2025,6/8/2025,6/9/2025,7/4/2025,182,158,159,184,,,,,,1/1/2025
B4I_2025_IA_2238,7,104.52,5,7/3/2025,6/7/2025,6/9/2025,7/4/2025,183,157,159,184,,,,,,1/1/2025
B4I_2025_IA_2008,7,104.52,1,7/2/2025,6/6/2025,6/9/2025,7/4/2025,182,156,159,184,,,,,,1/1/2025
B4I_2025_IA_2371,9,104.52,6,7/3/2025,6/6/2025,6/9/2025,7/4/2025,183,156,159,184,,,,,,1/1/2025
B4I_2025_IA_2154,7,104.52,4,7/4/2025,6/8/2025,6/8/2025,7/4/2025,184,158,158,184,,,,,,1/1/2025
B4I_2025_IA_2055,7,104.52,5,7/3/2025,6/7/2025,6/8/2025,7/4/2025,183,157,158,184,,,,,,1/1/2025
B4I_2025_IA_2206,5,104.52,2,7/3/2025,6/5/2025,6/8/2025,7/4/2025,183,155,158,184,,,,,,1/1/2025
B4I_2025_IA_2367,5,104.52,8,7/3/2025,6/5/2025,6/8/2025,7/4/2025,183,155,158,184,,,,,,1/1/2025
B4I_2025_IA_2132,7,104.52,5,6/29/2025,6/2/2025,6/8/2025,7/4/2025,179,152,158,184,,,,,,1/1/2025
B4I_2025_IA_2111,5,104.52,2,7/2/2025,6/8/2025,6/7/2025,7/4/2025,182,158,157,184,,,,,,1/1/2025
B4I_2025_IA_2125,7,104.52,3,7/5/2025,6/8/2025,6/7/2025,7/4/2025,185,158,157,184,,,,,,1/1/2025
B4I_2025_IA_2121,7,104.52,5,7/3/2025,6/8/2025,6/7/2025,7/4/2025,183,158,157,184,,,,,,1/1/2025
B4I_2025_IA_2014,7,104.52,0,7/4/2025,6/7/2025,6/7/2025,7/4/2025,184,157,157,184,,,,,,1/1/2025
B4I_2025_IA_2102,5,104.52,1,7/3/2025,6/7/2025,6/7/2025,7/4/2025,183,157,157,184,,,,,,1/1/2025
B4I_2025_IA_2104,5,104.52,7,7/3/2025,6/7/2025,6/7/2025,7/4/2025,183,157,157,184,,,,,,1/1/2025
B4I_2025_IA_2243,5,104.52,2,7/4/2025,6/7/2025,6/7/2025,7/4/2025,184,157,157,184,,,,,,1/1/2025
B4I_2025_IA_2119,5,104.52,3,7/3/2025,6/6/2025,6/7/2025,7/4/2025,183,156,157,184,,,,,,1/1/2025
B4I_2025_IA_2147,5,104.52,2,7/3/2025,6/6/2025,6/7/2025,7/4/2025,183,156,157,184,,,,,,1/1/2025
B4I_2025_IA_2173,3,104.52,3,7/1/2025,6/6/2025,6/7/2025,7/4/2025,181,156,157,184,,,,,,1/1/2025
B4I_2025_IA_2299,7,104.52,9,7/3/2025,6/6/2025,6/7/2025,7/4/2025,183,156,157,184,,,,,,1/1/2025
B4I_2025_IA_2162,5,104.52,0,7/1/2025,6/5/2025,6/7/2025,7/4/2025,181,155,157,184,,,,,,1/1/2025
B4I_2025_IA_2307,7,104.52,4,7/2/2025,6/5/2025,6/7/2025,7/4/2025,182,155,157,184,,,,,,1/1/2025
B4I_2025_IA_2319,7,104.52,8,7/3/2025,6/5/2025,6/7/2025,7/4/2025,183,155,157,184,,,,,,1/1/2025
B4I_2025_IA_2196,9,104.52,7,7/1/2025,6/4/2025,6/7/2025,7/4/2025,181,154,157,184,,,,,,1/1/2025
B4I_2025_IA_2250,9,104.52,8,6/30/2025,6/4/2025,6/7/2025,7/4/2025,180,154,157,184,,,,,,1/1/2025
B4I_2025_IA_2283,5,104.52,4,7/2/2025,6/4/2025,6/7/2025,7/4/2025,182,154,157,184,,,,,,1/1/2025
B4I_2025_IA_2126,7,104.52,3,7/3/2025,6/2/2025,6/7/2025,7/4/2025,183,152,157,184,,,,,,1/1/2025
B4I_2025_IA_2323,9,104.52,6,7/2/2025,6/2/2025,6/7/2025,7/4/2025,182,152,157,184,,,,,,1/1/2025
B4I_2025_IA_2179,7,104.52,7,7/4/2025,6/8/2025,6/6/2025,7/4/2025,184,158,156,184,,,,,,1/1/2025
B4I_2025_IA_2073,7,104.52,5,7/2/2025,6/7/2025,6/6/2025,7/4/2025,182,157,156,184,,,,,,1/1/2025
B4I_2025_IA_2087,9,104.52,3,7/3/2025,6/7/2025,6/6/2025,7/4/2025,183,157,156,184,,,,,,1/1/2025
B4I_2025_IA_2308,5,104.52,7,7/5/2025,6/7/2025,6/6/2025,7/4/2025,185,157,156,184,,,,,,1/1/2025
B4I_2025_IA_2029,7,104.52,0,7/5/2025,6/6/2025,6/6/2025,7/4/2025,185,156,156,184,,,,,,1/1/2025
B4I_2025_IA_2068,9,104.52,5,7/3/2025,6/5/2025,6/6/2025,7/4/2025,183,155,156,184,,,,,,1/1/2025
B4I_2025_IA_2164,1,104.52,0,7/4/2025,6/5/2025,6/6/2025,7/4/2025,184,155,156,184,,,,,,1/1/2025
B4I_2025_IA_2022,5,104.52,2,7/3/2025,6/4/2025,6/6/2025,7/4/2025,183,154,156,184,,,,,,1/1/2025
B4I_2025_IA_2245,3,104.52,3,6/30/2025,6/4/2025,6/6/2025,7/4/2025,180,154,156,184,,,,,,1/1/2025
B4I_2025_IA_2302,9,104.52,6,7/2/2025,6/3/2025,6/6/2025,7/4/2025,182,153,156,184,,,,,,1/1/2025
B4I_2025_IA_2265,9,104.52,2,7/1/2025,6/1/2025,6/6/2025,7/4/2025,181,151,156,184,,,,,,1/1/2025
B4I_2025_IA_2019,7,104.52,1,7/5/2025,6/8/2025,6/5/2025,7/4/2025,185,158,155,184,,,,,,1/1/2025
B4I_2025_IA_2174,7,104.52,7,6/30/2025,5/31/2025,6/4/2025,7/2/2025,180,150,154,182,,,,,,1/1/2025
B4I_2025_IA_2279,7,104.52,7,7/4/2025,6/8/2025,6/5/2025,7/4/2025,184,158,155,184,,,,,,1/1/2025
B4I_2025_IA_2108,7,104.52,5,7/3/2025,6/7/2025,6/5/2025,7/4/2025,183,157,155,184,,,,,,1/1/2025
B4I_2025_IA_2120,7,104.52,3,7/3/2025,6/7/2025,6/5/2025,7/4/2025,183,157,155,184,,,,,,1/1/2025
B4I_2025_IA_2144,3,104.52,2,7/5/2025,6/7/2025,6/5/2025,7/4/2025,185,157,155,184,,,,,,1/1/2025
B4I_2025_IA_2239,7,104.52,8,7/5/2025,6/7/2025,6/5/2025,7/4/2025,185,157,155,184,,,,,,1/1/2025
B4I_2025_IA_2241,5,104.52,4,7/3/2025,6/7/2025,6/5/2025,7/4/2025,183,157,155,184,,,,,,1/1/2025
B4I_2025_IA_2293,7,104.52,7,7/2/2025,6/7/2025,6/5/2025,7/4/2025,182,157,155,184,,,,,,1/1/2025
B4I_2025_IA_2317,7,104.52,7,7/3/2025,6/7/2025,6/5/2025,7/4/2025,183,157,155,184,,,,,,1/1/2025
B4I_2025_IA_2260,7,104.52,7,7/3/2025,6/6/2025,6/5/2025,7/4/2025,183,156,155,184,,,,,,1/1/2025
B4I_2025_IA_2286,9,104.52,7,7/3/2025,6/6/2025,6/5/2025,7/4/2025,183,156,155,184,,,,,,1/1/2025
B4I_2025_IA_2290,7,104.52,8,7/3/2025,6/6/2025,6/5/2025,7/4/2025,183,156,155,184,,,,,,1/1/2025
B4I_2025_IA_2346,5,104.52,4,7/3/2025,6/6/2025,6/5/2025,7/4/2025,183,156,155,184,,,,,,1/1/2025
B4I_2025_IA_2161,5,104.52,7,7/1/2025,6/5/2025,6/5/2025,7/4/2025,181,155,155,184,,,,,,1/1/2025
B4I_2025_IA_2191,9,104.52,8,6/29/2025,6/5/2025,6/5/2025,7/4/2025,179,155,155,184,,,,,,1/1/2025
B4I_2025_IA_2115,5,104.52,1,7/5/2025,6/4/2025,6/5/2025,7/4/2025,185,154,155,184,,,,,,1/1/2025
B4I_2025_IA_2254,5,104.52,5,7/1/2025,6/3/2025,6/5/2025,7/4/2025,181,153,155,184,,,,,,1/1/2025
B4I_2025_IA_2157,1,104.52,2,7/5/2025,6/9/2025,6/4/2025,7/4/2025,185,159,154,184,,,,,,1/1/2025
B4I_2025_IA_2396,5,104.52,0,7/3/2025,6/7/2025,6/4/2025,7/4/2025,183,157,154,184,,,,,,1/1/2025
B4I_2025_IA_2059,7,104.52,7,7/3/2025,6/5/2025,6/4/2025,7/4/2025,183,155,154,184,,,,,,1/1/2025
B4I_2025_IA_2194,7,104.52,8,6/30/2025,6/5/2025,6/4/2025,7/4/2025,180,155,154,184,,,,,,1/1/2025
B4I_2025_IA_2152,3,104.52,0,7/4/2025,6/8/2025,6/3/2025,7/4/2025,184,158,153,184,,,,,,1/1/2025
B4I_2025_IA_2273,5,104.52,3,7/3/2025,6/8/2025,6/3/2025,7/4/2025,183,158,153,184,,,,,,1/1/2025
B4I_2025_IA_2028,5,104.52,3,7/5/2025,6/7/2025,6/3/2025,7/4/2025,185,157,153,184,,,,,,1/1/2025
B4I_2025_IA_2195,3,104.52,8,7/2/2025,5/31/2025,6/4/2025,6/29/2025,182,150,154,179,,,,,,1/1/2025
B4I_2025_IA_2280,3,104.52,8,7/5/2025,6/7/2025,6/3/2025,7/4/2025,185,157,153,184,,,,,,1/1/2025
B4I_2025_IA_2363,7,104.52,7,7/3/2025,6/7/2025,6/3/2025,7/4/2025,183,157,153,184,,,,,,1/1/2025
B4I_2025_IA_2237,3,104.52,6,7/3/2025,6/5/2025,6/3/2025,7/4/2025,183,155,153,184,,,,,,1/1/2025
B4I_2025_IA_2234,7,104.52,5,7/3/2025,6/5/2025,6/3/2025,7/4/2025,183,155,153,184,,,,,,1/1/2025
B4I_2025_IA_2159,5,104.52,2,7/3/2025,6/4/2025,6/3/2025,7/4/2025,183,154,153,184,,,,,,1/1/2025
B4I_2025_IA_2208,5,104.52,1,7/3/2025,5/31/2025,6/4/2025,7/5/2025,183,150,154,185,,,,,,1/1/2025
B4I_2025_IA_2193,5,104.52,7,7/2/2025,6/4/2025,6/3/2025,7/4/2025,182,154,153,184,,,,,,1/1/2025
B4I_2025_IA_2274,7,104.52,7,7/2/2025,6/4/2025,6/3/2025,7/4/2025,182,154,153,184,,,,,,1/1/2025
B4I_2025_IA_2397,5,104.52,8,7/2/2025,6/4/2025,6/3/2025,7/4/2025,182,154,153,184,,,,,,1/1/2025
B4I_2025_IA_2098,7,104.52,4,7/4/2025,6/2/2025,6/3/2025,7/4/2025,184,152,153,184,,,,,,1/1/2025
B4I_2025_IA_2083,5,104.52,7,7/5/2025,6/8/2025,6/2/2025,7/4/2025,185,158,152,184,,,,,,1/1/2025
B4I_2025_IA_2155,7,104.52,8,7/3/2025,6/7/2025,6/2/2025,7/4/2025,183,157,152,184,,,,,,1/1/2025
B4I_2025_IA_2361,9,104.52,7,7/4/2025,6/7/2025,6/2/2025,7/4/2025,184,157,152,184,,,,,,1/1/2025
B4I_2025_IA_2086,7,104.52,3,7/3/2025,6/6/2025,6/2/2025,7/4/2025,183,156,152,184,,,,,,1/1/2025
B4I_2025_IA_2158,5,104.52,4,7/4/2025,6/7/2025,6/1/2025,7/4/2025,184,157,151,184,,,,,,1/1/2025
B4I_2025_IA_2056,7,104.52,8,7/3/2025,6/6/2025,5/31/2025,7/4/2025,183,156,150,184,,,,,,1/1/2025
B4I_2025_IA_2032,7,104.52,2,7/5/2025,6/3/2025,5/30/2025,7/4/2025,185,153,149,184,,,,,,1/1/2025
B4I_2025_IA_2258,5,104.52,8,7/3/2025,6/7/2025,5/28/2025,7/4/2025,183,157,147,184,,,,,,1/1/2025
B4I_2025_IA_2390,7,104.52,0,7/1/2025,6/3/2025,6/10/2025,7/3/2025,181,153,160,183,,,,,,1/1/2025
B4I_2025_IA_2288,7,104.52,6,7/3/2025,6/7/2025,6/9/2025,7/3/2025,183,157,159,183,,,,,,1/1/2025
B4I_2025_IA_2362,7,104.52,7,7/3/2025,6/7/2025,6/9/2025,7/3/2025,183,157,159,183,,,,,,1/1/2025
B4I_2025_IA_2205,7,104.52,2,7/4/2025,6/6/2025,6/9/2025,7/3/2025,184,156,159,183,,,,,,1/1/2025
B4I_2025_IA_2215,5,104.52,1,7/1/2025,6/6/2025,6/9/2025,7/3/2025,181,156,159,183,,,,,,1/1/2025
B4I_2025_IA_2134,7,104.52,3,7/1/2025,6/3/2025,6/9/2025,7/3/2025,181,153,159,183,,,,,,1/1/2025
B4I_2025_IA_2156,5,104.52,3,7/4/2025,6/8/2025,6/8/2025,7/3/2025,184,158,158,183,,,,,,1/1/2025
B4I_2025_IA_2040,7,104.52,8,7/3/2025,6/6/2025,6/8/2025,7/3/2025,183,156,158,183,,,,,,1/1/2025
B4I_2025_IA_2171,5,104.52,7,7/3/2025,6/6/2025,6/8/2025,7/3/2025,183,156,158,183,,,,,,1/1/2025
B4I_2025_IA_2287,7,104.52,0,7/3/2025,6/4/2025,6/8/2025,7/3/2025,183,154,158,183,,,,,,1/1/2025
B4I_2025_IA_2016,5,104.52,3,7/4/2025,6/9/2025,6/7/2025,7/3/2025,184,159,157,183,,,,,,1/1/2025
B4I_2025_IA_2169,5,104.52,5,7/4/2025,6/9/2025,6/7/2025,7/3/2025,184,159,157,183,,,,,,1/1/2025
B4I_2025_IA_2202,5,104.52,1,7/3/2025,6/8/2025,6/7/2025,7/3/2025,183,158,157,183,,,,,,1/1/2025
B4I_2025_IA_2350,7,104.52,6,7/4/2025,6/8/2025,6/7/2025,7/3/2025,184,158,157,183,,,,,,1/1/2025
B4I_2025_IA_2136,7,104.52,5,7/3/2025,6/7/2025,6/7/2025,7/3/2025,183,157,157,183,,,,,,1/1/2025
B4I_2025_IA_2163,7,104.52,7,7/3/2025,6/7/2025,6/7/2025,7/3/2025,183,157,157,183,,,,,,1/1/2025
B4I_2025_IA_2200,9,104.52,9,7/3/2025,6/7/2025,6/7/2025,7/3/2025,183,157,157,183,,,,,,1/1/2025
B4I_2025_IA_2041,7,104.52,7,7/4/2025,6/6/2025,6/7/2025,7/3/2025,184,156,157,183,,,,,,1/1/2025
B4I_2025_IA_2393,7,104.52,4,7/2/2025,6/6/2025,6/7/2025,7/3/2025,182,156,157,183,,,,,,1/1/2025
B4I_2025_IA_2060,5,104.52,7,7/1/2025,6/5/2025,6/7/2025,7/3/2025,181,155,157,183,,,,,,1/1/2025
B4I_2025_IA_2103,9,104.52,6,7/1/2025,6/5/2025,6/7/2025,7/3/2025,181,155,157,183,,,,,,1/1/2025
B4I_2025_IA_2148,3,104.52,3,7/4/2025,6/4/2025,6/7/2025,7/3/2025,184,154,157,183,,,,,,1/1/2025
B4I_2025_IA_2391,5,104.52,1,7/3/2025,6/4/2025,6/7/2025,7/3/2025,183,154,157,183,,,,,,1/1/2025
B4I_2025_IA_2046,5,104.52,2,7/3/2025,6/1/2025,6/7/2025,7/3/2025,183,151,157,183,,,,,,1/1/2025
B4I_2025_IA_2187,7,104.52,8,7/3/2025,6/9/2025,6/6/2025,7/3/2025,183,159,156,183,,,,,,1/1/2025
B4I_2025_IA_2281,5,104.52,7,7/5/2025,6/8/2025,6/6/2025,7/3/2025,185,158,156,183,,,,,,1/1/2025
B4I_2025_IA_2024,5,104.52,3,7/5/2025,6/7/2025,6/6/2025,7/3/2025,185,157,156,183,,,,,,1/1/2025
B4I_2025_IA_2184,5,104.52,3,7/4/2025,6/7/2025,6/6/2025,7/3/2025,184,157,156,183,,,,,,1/1/2025
B4I_2025_IA_2340,5,104.52,8,7/4/2025,6/7/2025,6/6/2025,7/3/2025,184,157,156,183,,,,,,1/1/2025
B4I_2025_IA_2381,9,104.52,8,7/2/2025,6/7/2025,6/6/2025,7/3/2025,182,157,156,183,,,,,,1/1/2025
B4I_2025_IA_2006,7,104.52,0,7/3/2025,6/6/2025,6/6/2025,7/3/2025,183,156,156,183,,,,,,1/1/2025
B4I_2025_IA_2232,7,104.52,5,7/3/2025,6/6/2025,6/6/2025,7/3/2025,183,156,156,183,,,,,,1/1/2025
B4I_2025_IA_2275,7,104.52,9,6/30/2025,6/6/2025,6/6/2025,7/3/2025,180,156,156,183,,,,,,1/1/2025
B4I_2025_IA_2376,7,104.52,5,7/4/2025,6/6/2025,6/6/2025,7/3/2025,184,156,156,183,,,,,,1/1/2025
B4I_2025_IA_2013,9,104.52,0,7/5/2025,6/5/2025,6/6/2025,7/3/2025,185,155,156,183,,,,,,1/1/2025
B4I_2025_IA_2328,7,104.52,8,7/2/2025,6/5/2025,6/6/2025,7/3/2025,182,155,156,183,,,,,,1/1/2025
B4I_2025_IA_2339,7,104.52,7,7/3/2025,6/5/2025,6/6/2025,7/3/2025,183,155,156,183,,,,,,1/1/2025
B4I_2025_IA_2092,7,104.52,5,7/5/2025,6/9/2025,6/5/2025,7/3/2025,185,159,155,183,,,,,,1/1/2025
B4I_2025_IA_2043,7,104.52,7,7/4/2025,6/8/2025,6/5/2025,7/3/2025,184,158,155,183,,,,,,1/1/2025
B4I_2025_IA_2069,5,104.52,7,7/3/2025,6/8/2025,6/5/2025,7/3/2025,183,158,155,183,,,,,,1/1/2025
B4I_2025_IA_2070,7,104.52,7,7/3/2025,6/8/2025,6/5/2025,7/3/2025,183,158,155,183,,,,,,1/1/2025
B4I_2025_IA_2263,7,104.52,7,7/4/2025,6/8/2025,6/5/2025,7/3/2025,184,158,155,183,,,,,,1/1/2025
B4I_2025_IA_2012,3,104.52,2,7/3/2025,6/7/2025,6/5/2025,7/3/2025,183,157,155,183,,,,,,1/1/2025
B4I_2025_IA_2038,9,104.52,6,7/3/2025,6/7/2025,6/5/2025,7/3/2025,183,157,155,183,,,,,,1/1/2025
B4I_2025_IA_2072,7,104.52,6,7/3/2025,6/7/2025,6/5/2025,7/3/2025,183,157,155,183,,,,,,1/1/2025
B4I_2025_IA_2122,3,104.52,2,7/3/2025,6/7/2025,6/5/2025,7/3/2025,183,157,155,183,,,,,,1/1/2025
B4I_2025_IA_2160,5,104.52,8,7/3/2025,6/7/2025,6/5/2025,7/3/2025,183,157,155,183,,,,,,1/1/2025
B4I_2025_IA_2226,5,104.52,7,7/4/2025,6/7/2025,6/5/2025,7/3/2025,184,157,155,183,,,,,,1/1/2025
B4I_2025_IA_2230,9,104.52,6,7/3/2025,6/7/2025,6/5/2025,7/3/2025,183,157,155,183,,,,,,1/1/2025
B4I_2025_IA_2233,7,104.52,7,7/3/2025,6/7/2025,6/5/2025,7/3/2025,183,157,155,183,,,,,,1/1/2025
B4I_2025_IA_2289,7,104.52,4,7/3/2025,6/7/2025,6/5/2025,7/3/2025,183,157,155,183,,,,,,1/1/2025
B4I_2025_IA_2296,7,104.52,7,7/3/2025,6/7/2025,6/5/2025,7/3/2025,183,157,155,183,,,,,,1/1/2025
B4I_2025_IA_2329,7,104.52,8,7/4/2025,6/7/2025,6/5/2025,7/3/2025,184,157,155,183,,,,,,1/1/2025
B4I_2025_IA_2356,7,104.52,4,7/4/2025,6/7/2025,6/5/2025,7/3/2025,184,157,155,183,,,,,,1/1/2025
B4I_2025_IA_2372,5,104.52,7,7/3/2025,6/7/2025,6/5/2025,7/3/2025,183,157,155,183,,,,,,1/1/2025
B4I_2025_IA_2023,5,104.52,5,7/3/2025,6/6/2025,6/5/2025,7/3/2025,183,156,155,183,,,,,,1/1/2025
B4I_2025_IA_2037,7,104.52,5,7/3/2025,6/6/2025,6/5/2025,7/3/2025,183,156,155,183,,,,,,1/1/2025
B4I_2025_IA_2057,9,104.52,8,7/1/2025,6/6/2025,6/5/2025,7/3/2025,181,156,155,183,,,,,,1/1/2025
B4I_2025_IA_2249,7,104.52,7,7/2/2025,6/6/2025,6/5/2025,7/3/2025,182,156,155,183,,,,,,1/1/2025
B4I_2025_IA_2264,9,104.52,8,7/4/2025,6/6/2025,6/5/2025,7/3/2025,184,156,155,183,,,,,,1/1/2025
B4I_2025_IA_2267,9,104.52,9,7/2/2025,6/6/2025,6/5/2025,7/3/2025,182,156,155,183,,,,,,1/1/2025
B4I_2025_IA_2010,7,104.52,6,7/3/2025,6/5/2025,6/5/2025,7/3/2025,183,155,155,183,,,,,,1/1/2025
B4I_2025_IA_2124,5,104.52,8,7/2/2025,6/5/2025,6/5/2025,7/3/2025,182,155,155,183,,,,,,1/1/2025
B4I_2025_IA_2324,7,104.52,7,7/2/2025,6/5/2025,6/5/2025,7/3/2025,182,155,155,183,,,,,,1/1/2025
B4I_2025_IA_2368,5,104.52,3,7/3/2025,6/5/2025,6/5/2025,7/3/2025,183,155,155,183,,,,,,1/1/2025
B4I_2025_IA_2025,7,104.52,7,7/3/2025,6/4/2025,6/5/2025,7/3/2025,183,154,155,183,,,,,,1/1/2025
B4I_2025_IA_2349,7,104.52,8,7/3/2025,6/4/2025,6/5/2025,7/3/2025,183,154,155,183,,,,,,1/1/2025
B4I_2025_IA_2306,5,104.52,0,7/1/2025,6/3/2025,6/5/2025,7/3/2025,181,153,155,183,,,,,,1/1/2025
B4I_2025_IA_2078,3,104.52,7,7/5/2025,6/10/2025,6/4/2025,7/3/2025,185,160,154,183,,,,,,1/1/2025
B4I_2025_IA_2066,9,104.52,6,7/5/2025,6/7/2025,6/4/2025,7/3/2025,185,157,154,183,,,,,,1/1/2025
B4I_2025_IA_2142,7,104.52,7,7/3/2025,6/7/2025,6/4/2025,7/3/2025,183,157,154,183,,,,,,1/1/2025
B4I_2025_IA_2385,7,104.52,5,7/3/2025,6/6/2025,6/4/2025,7/3/2025,183,156,154,183,,,,,,1/1/2025
B4I_2025_IA_2113,7,104.52,7,6/30/2025,6/5/2025,6/4/2025,7/3/2025,180,155,154,183,,,,,,1/1/2025
B4I_2025_IA_2316,7,104.52,8,6/30/2025,6/5/2025,6/4/2025,7/3/2025,180,155,154,183,,,,,,1/1/2025
B4I_2025_IA_2018,7,104.52,7,7/2/2025,6/3/2025,6/4/2025,7/3/2025,182,153,154,183,,,,,,1/1/2025
B4I_2025_IA_2305,7,104.52,7,6/30/2025,6/3/2025,6/4/2025,7/3/2025,180,153,154,183,,,,,,1/1/2025
B4I_2025_IA_2099,9,104.52,8,7/3/2025,6/2/2025,6/4/2025,7/3/2025,183,152,154,183,,,,,,1/1/2025
B4I_2025_IA_2270,7,104.52,8,7/5/2025,6/8/2025,6/3/2025,7/3/2025,185,158,153,183,,,,,,1/1/2025
B4I_2025_IA_2053,5,104.52,8,7/3/2025,6/7/2025,6/3/2025,7/3/2025,183,157,153,183,,,,,,1/1/2025
B4I_2025_IA_2216,5,104.52,7,7/1/2025,6/7/2025,6/3/2025,7/3/2025,181,157,153,183,,,,,,1/1/2025
B4I_2025_IA_2278,7,104.52,8,7/2/2025,6/7/2025,6/3/2025,7/3/2025,182,157,153,183,,,,,,1/1/2025
B4I_2025_IA_2285,7,104.52,7,7/4/2025,6/7/2025,6/3/2025,7/3/2025,184,157,153,183,,,,,,1/1/2025
B4I_2025_IA_2298,7,104.52,8,7/3/2025,6/7/2025,6/3/2025,7/3/2025,183,157,153,183,,,,,,1/1/2025
B4I_2025_IA_2325,7,104.52,7,7/3/2025,6/7/2025,6/3/2025,7/3/2025,183,157,153,183,,,,,,1/1/2025
B4I_2025_IA_2342,9,104.52,8,7/3/2025,6/7/2025,6/3/2025,7/3/2025,183,157,153,183,,,,,,1/1/2025
B4I_2025_IA_2009,7,104.52,3,7/4/2025,6/6/2025,6/3/2025,7/3/2025,184,156,153,183,,,,,,1/1/2025
B4I_2025_IA_2357,7,104.52,2,7/4/2025,6/6/2025,6/3/2025,7/3/2025,184,156,153,183,,,,,,1/1/2025
B4I_2025_IA_2360,5,104.52,7,7/5/2025,6/6/2025,6/3/2025,7/3/2025,185,156,153,183,,,,,,1/1/2025
B4I_2025_IA_2312,9,104.52,6,7/3/2025,6/5/2025,6/3/2025,7/3/2025,183,155,153,183,,,,,,1/1/2025
B4I_2025_IA_2183,7,104.52,5,7/3/2025,6/4/2025,6/3/2025,7/3/2025,183,154,153,183,,,,,,1/1/2025
B4I_2025_IA_2220,5,104.52,7,7/2/2025,6/4/2025,6/3/2025,7/3/2025,182,154,153,183,,,,,,1/1/2025
B4I_2025_IA_2335,7,104.52,8,7/2/2025,6/3/2025,6/3/2025,7/3/2025,182,153,153,183,,,,,,1/1/2025
B4I_2025_IA_2231,9,104.52,8,7/3/2025,6/8/2025,6/2/2025,7/3/2025,183,158,152,183,,,,,,1/1/2025
B4I_2025_IA_2301,7,104.52,9,7/5/2025,6/7/2025,6/2/2025,7/3/2025,185,157,152,183,,,,,,1/1/2025
B4I_2025_IA_2336,7,104.52,6,7/3/2025,6/7/2025,6/2/2025,7/3/2025,183,157,152,183,,,,,,1/1/2025
B4I_2025_IA_2064,5,104.52,7,7/4/2025,6/5/2025,6/2/2025,7/3/2025,184,155,152,183,,,,,,1/1/2025
B4I_2025_IA_2197,5,104.52,4,7/3/2025,6/5/2025,6/2/2025,7/3/2025,183,155,152,183,,,,,,1/1/2025
B4I_2025_IA_2369,7,104.52,4,7/3/2025,6/5/2025,6/2/2025,7/3/2025,183,155,152,183,,,,,,1/1/2025
B4I_2025_IA_2379,9,104.52,7,7/1/2025,6/5/2025,6/2/2025,7/3/2025,181,155,152,183,,,,,,1/1/2025
B4I_2025_IA_2116,5,104.52,7,7/4/2025,6/4/2025,6/2/2025,7/3/2025,184,154,152,183,,,,,,1/1/2025
B4I_2025_IA_2384,7,104.52,6,6/30/2025,6/4/2025,6/2/2025,7/3/2025,180,154,152,183,,,,,,1/1/2025
B4I_2025_IA_2143,9,104.52,9,7/4/2025,6/7/2025,6/1/2025,7/3/2025,184,157,151,183,,,,,,1/1/2025
B4I_2025_IA_2387,5,104.52,6,7/4/2025,6/7/2025,6/1/2025,7/3/2025,184,157,151,183,,,,,,1/1/2025
B4I_2025_IA_2172,5,104.52,7,7/3/2025,6/5/2025,6/1/2025,7/3/2025,183,155,151,183,,,,,,1/1/2025
B4I_2025_IA_2330,7,104.52,7,7/3/2025,6/4/2025,6/1/2025,7/3/2025,183,154,151,183,,,,,,1/1/2025
B4I_2025_IA_2359,7,104.52,8,6/30/2025,6/4/2025,6/1/2025,7/3/2025,180,154,151,183,,,,,,1/1/2025
B4I_2025_IA_2268,9,104.52,8,7/1/2025,6/1/2025,5/31/2025,7/3/2025,181,151,150,183,,,,,,1/1/2025
B4I_2025_IA_2138,5,104.52,1,7/4/2025,6/6/2025,6/9/2025,7/2/2025,184,156,159,182,,,,,,1/1/2025
B4I_2025_IA_2247,3,104.52,5,7/3/2025,6/5/2025,6/9/2025,7/2/2025,183,155,159,182,,,,,,1/1/2025
B4I_2025_IA_2074,9,104.52,8,7/3/2025,6/7/2025,6/7/2025,7/2/2025,183,157,157,182,,,,,,1/1/2025
B4I_2025_IA_2107,7,104.52,7,7/3/2025,6/7/2025,6/7/2025,7/2/2025,183,157,157,182,,,,,,1/1/2025
B4I_2025_IA_2210,7,104.52,8,7/2/2025,6/7/2025,6/7/2025,7/2/2025,182,157,157,182,,,,,,1/1/2025
B4I_2025_IA_2294,7,104.52,6,7/4/2025,6/7/2025,6/7/2025,7/2/2025,184,157,157,182,,,,,,1/1/2025
B4I_2025_IA_2334,9,104.52,7,7/3/2025,6/7/2025,6/7/2025,7/2/2025,183,157,157,182,,,,,,1/1/2025
B4I_2025_IA_2085,3,104.52,2,7/3/2025,6/5/2025,6/7/2025,7/2/2025,183,155,157,182,,,,,,1/1/2025
B4I_2025_IA_2221,3,104.52,6,6/30/2025,6/5/2025,6/7/2025,7/2/2025,180,155,157,182,,,,,,1/1/2025
B4I_2025_IA_2314,5,104.52,7,7/3/2025,6/5/2025,6/7/2025,7/2/2025,183,155,157,182,,,,,,1/1/2025
B4I_2025_IA_2211,5,104.52,1,6/30/2025,6/4/2025,6/7/2025,7/2/2025,180,154,157,182,,,,,,1/1/2025
B4I_2025_IA_2315,7,104.52,8,6/30/2025,6/2/2025,6/7/2025,7/2/2025,180,152,157,182,,,,,,1/1/2025
B4I_2025_IA_2310,7,104.52,7,7/1/2025,6/1/2025,6/7/2025,7/2/2025,181,151,157,182,,,,,,1/1/2025
B4I_2025_IA_2399,7,104.52,1,7/1/2025,6/1/2025,6/7/2025,7/2/2025,181,151,157,182,,,,,,1/1/2025
B4I_2025_IA_2214,5,104.52,4,7/5/2025,6/9/2025,6/6/2025,7/2/2025,185,159,156,182,,,,,,1/1/2025
B4I_2025_IA_2212,5,104.52,4,7/4/2025,6/8/2025,6/6/2025,7/2/2025,184,158,156,182,,,,,,1/1/2025
B4I_2025_IA_2269,9,104.52,7,7/3/2025,6/5/2025,6/6/2025,7/2/2025,183,155,156,182,,,,,,1/1/2025
B4I_2025_IA_2242,7,104.52,4,7/1/2025,6/4/2025,6/6/2025,7/2/2025,181,154,156,182,,,,,,1/1/2025
B4I_2025_IA_2209,3,104.52,1,7/1/2025,6/2/2025,6/6/2025,7/2/2025,181,152,156,182,,,,,,1/1/2025
B4I_2025_IA_2011,7,104.52,1,7/3/2025,6/8/2025,6/5/2025,7/2/2025,183,158,155,182,,,,,,1/1/2025
B4I_2025_IA_2224,5,104.52,1,7/4/2025,6/8/2025,6/5/2025,7/2/2025,184,158,155,182,,,,,,1/1/2025
B4I_2025_IA_2123,7,104.52,4,7/3/2025,6/7/2025,6/5/2025,7/2/2025,183,157,155,182,,,,,,1/1/2025
B4I_2025_IA_2236,5,104.52,8,7/3/2025,6/7/2025,6/5/2025,7/2/2025,183,157,155,182,,,,,,1/1/2025
B4I_2025_IA_2282,7,104.52,8,7/4/2025,6/7/2025,6/5/2025,7/2/2025,184,157,155,182,,,,,,1/1/2025
B4I_2025_IA_2027,7,104.52,7,7/5/2025,6/6/2025,6/5/2025,7/2/2025,185,156,155,182,,,,,,1/1/2025
B4I_2025_IA_2139,5,104.52,8,6/30/2025,6/5/2025,6/5/2025,7/2/2025,180,155,155,182,,,,,,1/1/2025
B4I_2025_IA_2204,3,104.52,0,7/2/2025,6/5/2025,6/5/2025,7/2/2025,182,155,155,182,,,,,,1/1/2025
B4I_2025_IA_2229,7,104.52,3,7/2/2025,6/5/2025,6/5/2025,7/2/2025,182,155,155,182,,,,,,1/1/2025
B4I_2025_IA_2248,9,104.52,6,7/4/2025,6/5/2025,6/5/2025,7/2/2025,184,155,155,182,,,,,,1/1/2025
B4I_2025_IA_2332,5,104.52,7,7/1/2025,6/5/2025,6/5/2025,7/2/2025,181,155,155,182,,,,,,1/1/2025
B4I_2025_IA_2338,9,104.52,9,7/1/2025,6/4/2025,6/5/2025,7/2/2025,181,154,155,182,,,,,,1/1/2025
B4I_2025_IA_2004,7,104.52,0,7/1/2025,6/3/2025,6/5/2025,7/2/2025,181,153,155,182,,,,,,1/1/2025
B4I_2025_IA_2353,7,104.52,2,7/1/2025,5/31/2025,6/1/2025,7/1/2025,181,150,151,181,,,,,,1/1/2025
B4I_2025_IA_2198,7,104.52,7,7/1/2025,6/3/2025,6/5/2025,7/2/2025,181,153,155,182,,,,,,1/1/2025
B4I_2025_IA_2392,5,104.52,4,7/4/2025,6/3/2025,6/5/2025,7/2/2025,184,153,155,182,,,,,,1/1/2025
B4I_2025_IA_2114,7,104.52,8,7/5/2025,6/5/2025,6/4/2025,7/2/2025,185,155,154,182,,,,,,1/1/2025
B4I_2025_IA_2076,3,104.52,8,7/3/2025,6/8/2025,6/3/2025,7/2/2025,183,158,153,182,,,,,,1/1/2025
B4I_2025_IA_2089,7,104.52,7,7/4/2025,6/7/2025,6/3/2025,7/2/2025,184,157,153,182,,,,,,1/1/2025
B4I_2025_IA_2277,5,104.52,7,7/4/2025,6/7/2025,6/3/2025,7/2/2025,184,157,153,182,,,,,,1/1/2025
B4I_2025_IA_2117,7,104.52,6,7/3/2025,6/6/2025,6/3/2025,7/2/2025,183,156,153,182,,,,,,1/1/2025
B4I_2025_IA_2127,7,104.52,8,7/4/2025,6/5/2025,6/3/2025,7/2/2025,184,155,153,182,,,,,,1/1/2025
B4I_2025_IA_2222,7,104.52,2,7/3/2025,6/4/2025,6/3/2025,7/2/2025,183,154,153,182,,,,,,1/1/2025
B4I_2025_IA_2318,5,104.52,8,7/3/2025,6/4/2025,6/3/2025,7/2/2025,183,154,153,182,,,,,,1/1/2025
B4I_2025_IA_2082,7,104.52,7,7/3/2025,6/7/2025,6/2/2025,7/2/2025,183,157,152,182,,,,,,1/1/2025
B4I_2025_IA_2400,7,104.52,6,7/3/2025,6/5/2025,6/2/2025,7/2/2025,183,155,152,182,,,,,,1/1/2025
B4I_2025_IA_2375,9,104.52,8,7/3/2025,6/4/2025,6/2/2025,7/2/2025,183,154,152,182,,,,,,1/1/2025
B4I_2025_IA_2327,5,104.52,8,7/3/2025,6/4/2025,5/30/2025,7/2/2025,183,154,149,182,,,,,,1/1/2025
B4I_2025_IA_2252,7,104.52,6,7/1/2025,6/3/2025,5/30/2025,7/2/2025,181,153,149,182,,,,,,1/1/2025
B4I_2025_IA_2380,7,104.52,2,7/3/2025,6/6/2025,5/28/2025,7/2/2025,183,156,147,182,,,,,,1/1/2025
B4I_2025_IA_2044,5,104.52,7,7/3/2025,6/4/2025,6/8/2025,7/1/2025,183,154,158,181,,,,,,1/1/2025
B4I_2025_IA_2373,7,104.52,7,7/1/2025,6/1/2025,6/5/2025,7/1/2025,181,151,155,181,,,,,,1/1/2025
B4I_2025_IA_2005,7,104.52,7,7/3/2025,6/3/2025,6/2/2025,7/1/2025,183,153,152,181,,,,,,1/1/2025
B4I_2025_IA_2326,7,104.52,8,7/3/2025,6/4/2025,6/1/2025,7/1/2025,183,154,151,181,,,,,,1/1/2025
B4I_2025_IA_2389,7,104.52,7,7/3/2025,6/2/2025,6/1/2025,7/1/2025,183,152,151,181,,,,,,1/1/2025
B4I_2025_IA_2035,9,104.52,6,6/29/2025,6/1/2025,6/7/2025,6/30/2025,179,151,157,180,,,,,,1/1/2025
B4I_2025_IA_2063,7,104.52,6,7/3/2025,6/9/2025,6/5/2025,6/30/2025,183,159,155,180,,,,,,1/1/2025
B4I_2025_IA_2077,7,104.52,7,7/3/2025,6/6/2025,6/5/2025,6/30/2025,183,156,155,180,,,,,,1/1/2025
B4I_2025_IA_2061,5,104.52,5,7/3/2025,6/2/2025,6/5/2025,6/30/2025,183,152,155,180,,,,,,1/1/2025
B4I_2025_IA_2304,9,104.52,3,7/2/2025,6/3/2025,6/4/2025,6/30/2025,182,153,154,180,,,,,,1/1/2025
B4I_2025_IA_2366,5,104.52,8,7/4/2025,6/8/2025,6/3/2025,6/30/2025,184,158,153,180,,,,,,1/1/2025
B4I_2025_IA_2235,5,104.52,8,6/30/2025,6/4/2025,6/3/2025,6/30/2025,180,154,153,180,,,,,,1/1/2025
B4I_2025_IA_2382,9,104.52,6,7/3/2025,6/4/2025,6/3/2025,6/30/2025,183,154,153,180,,,,,,1/1/2025
B4I_2025_IA_2003,7,104.52,6,7/5/2025,6/10/2025,6/1/2025,6/30/2025,185,160,151,180,,,,,,1/1/2025
B4I_2025_IA_2297,9,104.52,8,7/1/2025,6/5/2025,5/30/2025,6/30/2025,181,155,149,180,,,,,,1/1/2025
B4I_2025_IA_2292,7,104.52,8,7/1/2025,6/2/2025,5/29/2025,6/30/2025,181,152,148,180,,,,,,1/1/2025
B4I_2025_IA_2052,7,104.52,6,7/3/2025,6/7/2025,6/5/2025,6/29/2025,183,157,155,179,,,,,,1/1/2025
B4I_2025_IA_2333,7,104.52,7,7/3/2025,6/5/2025,6/5/2025,6/29/2025,183,155,155,179,,,,,,1/1/2025
B4I_2025_IA_2175,7,104.52,8,7/3/2025,6/7/2025,6/4/2025,6/29/2025,183,157,154,179,,,,,,1/1/2025
B4I_2025_IA_2001,9,104.52,6,7/4/2025,6/8/2025,6/2/2025,6/29/2025,184,158,152,179,,,,,,1/1/2025
B4I_2025_IA_2020,7,104.52,0,7/5/2025,6/6/2025,6/2/2025,6/29/2025,185,156,152,179,,,,,,1/1/2025
B4I_2025_IA_2141,5,104.52,9,7/3/2025,6/5/2025,6/2/2025,6/29/2025,183,155,152,179,,,,,,1/1/2025
B4I_2025_IA_2291,9,104.52,6,7/3/2025,6/5/2025,6/2/2025,6/29/2025,183,155,152,179,,,,,,1/1/2025
B4I_2025_IA_2118,9,104.52,7,7/3/2025,6/7/2025,6/1/2025,6/29/2025,183,157,151,179,,,,,,1/1/2025
B4I_2025_IA_2201,5,104.52,7,7/3/2025,6/7/2025,6/1/2025,6/29/2025,183,157,151,179,,,,,,1/1/2025
B4I_2025_IA_2207,5,104.52,8,7/3/2025,6/5/2025,6/1/2025,6/29/2025,183,155,151,179,,,,,,1/1/2025
B4I_2025_IA_2007,5,104.52,7,7/3/2025,6/4/2025,6/1/2025,6/29/2025,183,154,151,179,,,,,,1/1/2025
B4I_2025_IA_2321,9,104.52,8,7/3/2025,6/5/2025,6/4/2025,6/28/2025,183,155,154,178,,,,,,1/1/2025
B4I_2025_IA_2015,9,104.52,8,7/4/2025,6/7/2025,6/1/2025,6/28/2025,184,157,151,178,,,,,,1/1/2025
B4I_2025_IA_2320,9,104.52,8,7/2/2025,6/4/2025,6/1/2025,6/28/2025,182,154,151,178,,,,,,1/1/2025
B4I_2025_IA_2050,7,104.52,9,7/3/2025,6/2/2025,6/1/2025,6/28/2025,183,152,151,178,,,,,,1/1/2025
