current_year,affiliation,timing,plot_id,count,missing
2025,IA01,1.0,1.2,4,complete
2025,IA01,1.0,10.1,8,complete
2025,IA01,1.0,11.2,8,complete
2025,IA01,1.0,12.3,4,complete
2025,IA01,1.0,13.1,4,complete
2025,IA01,1.0,14.1,8,complete
2025,IA01,1.0,15.1,4,complete
2025,IA01,1.0,16.1,8,complete
2025,IA01,1.0,17.2,4,complete
2025,IA01,1.0,18.2,8,complete
2025,IA01,1.0,19.1,4,complete
2025,IA01,1.0,2.1,8,complete
2025,IA01,1.0,20.1,8,complete
2025,IA01,1.0,3.1,4,complete
2025,IA01,1.0,4.2,4,complete
2025,IA01,1.0,5.3,8,complete
2025,IA01,1.0,6.1,8,complete
2025,IA01,1.0,7.3,4,complete
2025,IA01,1.0,8.2,8,complete
2025,IA01,1.0,9.2,4,complete
2025,IA01,2.0,1.3,1,image
2025,IA01,2.0,10.2,8,complete
2025,IA01,2.0,11.3,8,complete
2025,IA01,2.0,12.1,4,complete
2025,IA01,2.0,13.2,4,complete
2025,IA01,2.0,14.3,8,complete
2025,IA01,2.0,15.3,4,complete
2025,IA01,2.0,16.3,8,complete
2025,IA01,2.0,17.3,4,complete
2025,IA01,2.0,18.1,8,complete
2025,IA01,2.0,19.3,4,complete
2025,IA01,2.0,2.3,8,complete
2025,IA01,2.0,20.3,8,complete
2025,IA01,2.0,3.3,4,complete
2025,IA01,2.0,4.1,4,complete
2025,IA01,2.0,5.1,8,complete
2025,IA01,2.0,6.3,8,complete
2025,IA01,2.0,7.1,4,complete
2025,IA01,2.0,8.3,8,complete
2025,IA01,2.0,9.1,4,complete
2025,IA01,3.0,1.1,4,complete
2025,IA01,3.0,10.3,8,complete
2025,IA01,3.0,11.1,8,complete
2025,IA01,3.0,12.2,4,complete
2025,IA01,3.0,13.3,4,complete
2025,IA01,3.0,14.2,8,complete
2025,IA01,3.0,15.2,4,complete
2025,IA01,3.0,16.2,8,complete
2025,IA01,3.0,17.1,4,complete
2025,IA01,3.0,18.3,8,complete
2025,IA01,3.0,19.2,4,complete
2025,IA01,3.0,2.2,8,complete
2025,IA01,3.0,20.2,8,complete
2025,IA01,3.0,3.2,4,complete
2025,IA01,3.0,4.3,4,complete
2025,IA01,3.0,5.2,8,complete
2025,IA01,3.0,6.2,8,complete
2025,IA01,3.0,7.2,4,complete
2025,IA01,3.0,8.1,8,complete
2025,IA01,3.0,9.3,4,complete
