current_year,affiliation,timing,plot_id,count,missing
2025,NY02,1.0,19.2,4,biomass
2025,NY02,1.0,741858,4,complete
2025,NY02,1.0,741861,12,complete
2025,NY02,1.0,741863,12,complete
2025,NY02,1.0,741865,12,complete
2025,NY02,1.0,741870,8,complete
2025,NY02,1.0,741873,8,complete
2025,NY02,1.0,741874,4,biomass
2025,NY02,1.0,741875,1,image
2025,NY02,1.0,741877,3,image
2025,NY02,1.0,741879,4,biomass
2025,NY02,1.0,741881,16,complete
2025,NY02,1.0,741885,8,complete
2025,NY02,1.0,741886,8,complete
2025,NY02,1.0,741891,8,complete
2025,NY02,1.0,741894,12,complete
2025,NY02,1.0,741895,8,complete
2025,NY02,1.0,741898,8,complete
2025,NY02,1.0,741901,3,image
2025,NY02,1.0,741902,4,biomass
2025,NY02,1.0,741905,16,complete
2025,NY02,1.0,741908,8,complete
2025,NY02,1.0,741910,8,complete
2025,NY02,1.0,741915,8,complete
2025,NY02,1.0,CU_ARS_2026_WOP_031_subplot_1,4,biomass
2025,NY02,1.0,CU_ARS_2026_WOP_049_subplot_3,4,biomass
2025,NY02,1.0,CU_ARS_2026_WOP_062_subplot_2,4,biomass
2025,NY02,1.0,CU_ARS_2026_WOP_090_subplot_3,4,biomass
2025,NY02,1.0,CU_ARS_2026_WOP_107_subplot_3,4,biomass
2025,NY02,1.0,CU_ARS_2026_WOP_159_subplot_2,4,biomass
2025,NY02,1.0,CU_ARS_2026_WOP_190_subplot_3,4,biomass
2025,NY02,1.0,CU_ARS_2026_WOP_196_subplot_3,4,biomass
2025,NY02,1.0,CU_ARS_2026_WOP_205_subplot_1,4,biomass
2025,NY02,1.0,CU_ARS_2026_WOP_208_subplot_2,4,biomass
2025,NY02,1.0,CU_ARS_2026_WOP_220_subplot_2,4,biomass
2025,NY02,1.0,CU_ARS_2026_WOP_281_subplot_2,4,biomass
2025,NY02,1.0,CU_ARS_2026_WOP_284_subplot_3,4,biomass
2025,NY02,1.0,CU_ARS_2026_WOP_298_subplot_2,4,biomass
2025,NY02,1.0,CU_ARS_2026_WOP_305_subplot_3,4,biomass
2025,NY02,1.0,CU_ARS_2026_WOP_323_subplot_3,4,biomass
2025,NY02,1.0,CU_ARS_2026_WOP_324_subplot_2,4,biomass
2025,NY02,1.0,CU_ARS_2026_WOP_343_subplot_3,4,biomass
2025,NY02,1.0,CU_ARS_2026_WOP_344_subplot_2,4,biomass
2025,NY02,1.0,CU_ARS_2026_WOP_369_subplot_2,4,biomass
2025,NY02,1.0,CU_ARS_2026_WOP_381_subplot_2,4,biomass
2025,NY02,1.0,CU_ARS_2026_WOP_388_subplot_2,4,biomass
2025,NY02,1.0,TEST,4,biomass
2025,NY02,1.0,TEST1,4,biomass
2025,NY02,1.0,TEST2,4,biomass
2025,NY02,1.0,test1,4,biomass
2025,NY02,1.0,test10,4,biomass
2025,NY02,1.0,test2,4,biomass
2025,NY02,1.0,test3,4,biomass
2025,NY02,1.0,test4,4,biomass
2025,NY02,1.0,test5,4,biomass
2025,NY02,1.0,test6,4,biomass
2025,NY02,1.0,test7,4,biomass
2025,NY02,1.0,test8,4,biomass
2025,NY02,1.0,test9,4,biomass
2025,NY02,2.0,741856,4,complete
2025,NY02,2.0,741860,3,image
2025,NY02,2.0,741864,12,complete
2025,NY02,2.0,741866,12,complete
2025,NY02,2.0,741869,8,complete
2025,NY02,2.0,741871,8,complete
2025,NY02,2.0,741876,8,complete
2025,NY02,2.0,741879,12,complete
2025,NY02,2.0,741882,12,complete
2025,NY02,2.0,741883,8,complete
2025,NY02,2.0,741888,8,complete
2025,NY02,2.0,741889,4,biomass
2025,NY02,2.0,741890,2,image
2025,NY02,2.0,741893,12,complete
2025,NY02,2.0,741896,8,complete
2025,NY02,2.0,741899,8,complete
2025,NY02,2.0,741903,12,complete
2025,NY02,2.0,741904,12,complete
2025,NY02,2.0,741909,8,complete
2025,NY02,2.0,741911,8,complete
2025,NY02,2.0,741914,12,complete
2025,NY02,3.0,1.3,8,complete
2025,NY02,3.0,10.1,2,image
2025,NY02,3.0,11.1,2,image
2025,NY02,3.0,12.2,2,image
2025,NY02,3.0,13.2,3,image
2025,NY02,3.0,14.1,2,image
2025,NY02,3.0,15.1,2,image
2025,NY02,3.0,16.1,2,image
2025,NY02,3.0,17.1,3,image
2025,NY02,3.0,18.3,2,image
2025,NY02,3.0,19.1,2,image
2025,NY02,3.0,1_3,4,biomass
2025,NY02,3.0,2.1,3,image
2025,NY02,3.0,20.2,1,image
2025,NY02,3.0,3.2,2,image
2025,NY02,3.0,4.3,2,image
2025,NY02,3.0,5.1,3,image
2025,NY02,3.0,6.3,2,image
2025,NY02,3.0,7.3,3,image
2025,NY02,3.0,8.2,2,image
2025,NY02,3.0,9.2,2,image
2025,NY02,3.0,T3S5,4,biomass
2025,NY02,10.0,TEST1,4,biomass
2025,NY02,10.0,TEST2,4,biomass
2025,NY02,10.0,TEST3,4,biomass
2025,NY02,10.0,TEST6,8,biomass
