"subplot_name","subplot_id","plot_name","accession_name","plot_number","block_number","is_a_control","rep_number","row_number","col_number","subplot_number","Stand Count 2025.05.08"
"B4I_2025_PM3D_NY_01_subplot_1","741910","B4I_2025_PM3D_NY_01","NO_OATS_PLANTED","1","1","","1","1","1","1","content://com.android.externalstorage.documents/tree/primary%3AField%20Book%20/document/primary%3AField%20Book%20%2Fplot_data%2FB4I_2025_PM3D_NY_subplot%2FStand%20Count%202025.05.08%2F741910_Stand%20Count%202025.05.08_2025-05-08%2010_33_51.946-04_00.jpg"
"B4I_2025_PM3D_NY_01_subplot_2","741911","B4I_2025_PM3D_NY_01","NO_OATS_PLANTED","1","1","","1","1","1","2","content://com.android.externalstorage.documents/tree/primary%3AField%20Book%20/document/primary%3AField%20Book%20%2Fplot_data%2FB4I_2025_PM3D_NY_subplot%2FStand%20Count%202025.05.08%2F741911_Stand%20Count%202025.05.08_2025-05-08%2010_34_53.404-04_00.jpg"
"B4I_2025_PM3D_NY_01_subplot_3","741912","B4I_2025_PM3D_NY_01","NO_OATS_PLANTED","1","1","","1","1","1","3","content://com.android.externalstorage.documents/tree/primary%3AField%20Book%20/document/primary%3AField%20Book%20%2Fplot_data%2FB4I_2025_PM3D_NY_subplot%2FStand%20Count%202025.05.08%2F741912_Stand%20Count%202025.05.08_2025-05-08%2010_35_13.712-04_00.jpg"
"B4I_2025_PM3D_NY_02_subplot_1","741859","B4I_2025_PM3D_NY_02","ND210038","2","1","","1","2","1","1","content://com.android.externalstorage.documents/tree/primary%3AField%20Book%20/document/primary%3AField%20Book%20%2Fplot_data%2FB4I_2025_PM3D_NY_subplot%2FStand%20Count%202025.05.08%2F741859_Stand%20Count%202025.05.08_2025-05-08%2010_35_40.798-04_00.jpg"
"B4I_2025_PM3D_NY_02_subplot_2","741860","B4I_2025_PM3D_NY_02","ND210038","2","1","","1","2","1","2","content://com.android.externalstorage.documents/tree/primary%3AField%20Book%20/document/primary%3AField%20Book%20%2Fplot_data%2FB4I_2025_PM3D_NY_subplot%2FStand%20Count%202025.05.08%2F741860_Stand%20Count%202025.05.08_2025-05-08%2010_36_01.178-04_00.jpg"
"B4I_2025_PM3D_NY_02_subplot_3","741861","B4I_2025_PM3D_NY_02","ND210038","2","1","","1","2","1","3","content://com.android.externalstorage.documents/tree/primary%3AField%20Book%20/document/primary%3AField%20Book%20%2Fplot_data%2FB4I_2025_PM3D_NY_subplot%2FStand%20Count%202025.05.08%2F741861_Stand%20Count%202025.05.08_2025-05-08%2010_36_22.049-04_00.jpg"
"B4I_2025_PM3D_NY_03_subplot_1","741886","B4I_2025_PM3D_NY_03","IL17-1704","3","1","","1","3","1","1","content://com.android.externalstorage.documents/tree/primary%3AField%20Book%20/document/primary%3AField%20Book%20%2Fplot_data%2FB4I_2025_PM3D_NY_subplot%2FStand%20Count%202025.05.08%2F741886_Stand%20Count%202025.05.08_2025-05-08%2010_36_43.405-04_00.jpg"
"B4I_2025_PM3D_NY_03_subplot_2","741887","B4I_2025_PM3D_NY_03","IL17-1704","3","1","","1","3","1","2","content://com.android.externalstorage.documents/tree/primary%3AField%20Book%20/document/primary%3AField%20Book%20%2Fplot_data%2FB4I_2025_PM3D_NY_subplot%2FStand%20Count%202025.05.08%2F741887_Stand%20Count%202025.05.08_2025-05-08%2010_37_02.562-04_00.jpg"
"B4I_2025_PM3D_NY_03_subplot_3","741888","B4I_2025_PM3D_NY_03","IL17-1704","3","1","","1","3","1","3","content://com.android.externalstorage.documents/tree/primary%3AField%20Book%20/document/primary%3AField%20Book%20%2Fplot_data%2FB4I_2025_PM3D_NY_subplot%2FStand%20Count%202025.05.08%2F741888_Stand%20Count%202025.05.08_2025-05-08%2010_37_22.270-04_00.jpg"
"B4I_2025_PM3D_NY_04_subplot_1","741895","B4I_2025_PM3D_NY_04","ND Spilde","4","1","","1","4","1","1","content://com.android.externalstorage.documents/tree/primary%3AField%20Book%20/document/primary%3AField%20Book%20%2Fplot_data%2FB4I_2025_PM3D_NY_subplot%2FStand%20Count%202025.05.08%2F741895_Stand%20Count%202025.05.08_2025-05-08%2010_37_41.672-04_00.jpg"
"B4I_2025_PM3D_NY_04_subplot_2","741896","B4I_2025_PM3D_NY_04","ND Spilde","4","1","","1","4","1","2","content://com.android.externalstorage.documents/tree/primary%3AField%20Book%20/document/primary%3AField%20Book%20%2Fplot_data%2FB4I_2025_PM3D_NY_subplot%2FStand%20Count%202025.05.08%2F741896_Stand%20Count%202025.05.08_2025-05-08%2010_37_59.147-04_00.jpg"
"B4I_2025_PM3D_NY_04_subplot_3","741897","B4I_2025_PM3D_NY_04","ND Spilde","4","1","","1","4","1","3","content://com.android.externalstorage.documents/tree/primary%3AField%20Book%20/document/primary%3AField%20Book%20%2Fplot_data%2FB4I_2025_PM3D_NY_subplot%2FStand%20Count%202025.05.08%2F741897_Stand%20Count%202025.05.08_2025-05-08%2010_38_22.296-04_00.jpg"
"B4I_2025_PM3D_NY_05_subplot_1","741892","B4I_2025_PM3D_NY_05","ND Spilde","5","1","","1","5","1","1","content://com.android.externalstorage.documents/tree/primary%3AField%20Book%20/document/primary%3AField%20Book%20%2Fplot_data%2FB4I_2025_PM3D_NY_subplot%2FStand%20Count%202025.05.08%2F741892_Stand%20Count%202025.05.08_2025-05-08%2010_38_49.541-04_00.jpg"
"B4I_2025_PM3D_NY_05_subplot_2","741893","B4I_2025_PM3D_NY_05","ND Spilde","5","1","","1","5","1","2","content://com.android.externalstorage.documents/tree/primary%3AField%20Book%20/document/primary%3AField%20Book%20%2Fplot_data%2FB4I_2025_PM3D_NY_subplot%2FStand%20Count%202025.05.08%2F741893_Stand%20Count%202025.05.08_2025-05-08%2010_39_11.624-04_00.jpg"
"B4I_2025_PM3D_NY_05_subplot_3","741894","B4I_2025_PM3D_NY_05","ND Spilde","5","1","","1","5","1","3","content://com.android.externalstorage.documents/tree/primary%3AField%20Book%20/document/primary%3AField%20Book%20%2Fplot_data%2FB4I_2025_PM3D_NY_subplot%2FStand%20Count%202025.05.08%2F741894_Stand%20Count%202025.05.08_2025-05-08%2010_39_33.751-04_00.jpg"
"B4I_2025_PM3D_NY_06_subplot_1","741898","B4I_2025_PM3D_NY_06","NO_OATS_PLANTED","6","1","","1","6","1","1","content://com.android.externalstorage.documents/tree/primary%3AField%20Book%20/document/primary%3AField%20Book%20%2Fplot_data%2FB4I_2025_PM3D_NY_subplot%2FStand%20Count%202025.05.08%2F741898_Stand%20Count%202025.05.08_2025-05-08%2010_40_00.421-04_00.jpg"
"B4I_2025_PM3D_NY_06_subplot_2","741899","B4I_2025_PM3D_NY_06","NO_OATS_PLANTED","6","1","","1","6","1","2","content://com.android.externalstorage.documents/tree/primary%3AField%20Book%20/document/primary%3AField%20Book%20%2Fplot_data%2FB4I_2025_PM3D_NY_subplot%2FStand%20Count%202025.05.08%2F741899_Stand%20Count%202025.05.08_2025-05-08%2010_40_21.108-04_00.jpg"
"B4I_2025_PM3D_NY_06_subplot_3","741900","B4I_2025_PM3D_NY_06","NO_OATS_PLANTED","6","1","","1","6","1","3","content://com.android.externalstorage.documents/tree/primary%3AField%20Book%20/document/primary%3AField%20Book%20%2Fplot_data%2FB4I_2025_PM3D_NY_subplot%2FStand%20Count%202025.05.08%2F741900_Stand%20Count%202025.05.08_2025-05-08%2010_40_46.908-04_00.jpg"
"B4I_2025_PM3D_NY_07_subplot_1","741865","B4I_2025_PM3D_NY_07","SD Momentum","7","1","","1","7","1","1","content://com.android.externalstorage.documents/tree/primary%3AField%20Book%20/document/primary%3AField%20Book%20%2Fplot_data%2FB4I_2025_PM3D_NY_subplot%2FStand%20Count%202025.05.08%2F741865_Stand%20Count%202025.05.08_2025-05-08%2010_41_12.639-04_00.jpg"
"B4I_2025_PM3D_NY_07_subplot_2","741866","B4I_2025_PM3D_NY_07","SD Momentum","7","1","","1","7","1","2","content://com.android.externalstorage.documents/tree/primary%3AField%20Book%20/document/primary%3AField%20Book%20%2Fplot_data%2FB4I_2025_PM3D_NY_subplot%2FStand%20Count%202025.05.08%2F741866_Stand%20Count%202025.05.08_2025-05-08%2010_41_31.839-04_00.jpg"
"B4I_2025_PM3D_NY_07_subplot_3","741867","B4I_2025_PM3D_NY_07","SD Momentum","7","1","","1","7","1","3","content://com.android.externalstorage.documents/tree/primary%3AField%20Book%20/document/primary%3AField%20Book%20%2Fplot_data%2FB4I_2025_PM3D_NY_subplot%2FStand%20Count%202025.05.08%2F741867_Stand%20Count%202025.05.08_2025-05-08%2010_41_47.761-04_00.jpg"
"B4I_2025_PM3D_NY_08_subplot_1","741883","B4I_2025_PM3D_NY_08","NO_OATS_PLANTED","8","1","","1","8","1","1","content://com.android.externalstorage.documents/tree/primary%3AField%20Book%20/document/primary%3AField%20Book%20%2Fplot_data%2FB4I_2025_PM3D_NY_subplot%2FStand%20Count%202025.05.08%2F741883_Stand%20Count%202025.05.08_2025-05-08%2010_42_12.263-04_00.jpg"
"B4I_2025_PM3D_NY_08_subplot_2","741884","B4I_2025_PM3D_NY_08","NO_OATS_PLANTED","8","1","","1","8","1","2","content://com.android.externalstorage.documents/tree/primary%3AField%20Book%20/document/primary%3AField%20Book%20%2Fplot_data%2FB4I_2025_PM3D_NY_subplot%2FStand%20Count%202025.05.08%2F741884_Stand%20Count%202025.05.08_2025-05-08%2010_42_28.550-04_00.jpg"
"B4I_2025_PM3D_NY_08_subplot_3","741885","B4I_2025_PM3D_NY_08","NO_OATS_PLANTED","8","1","","1","8","1","3","content://com.android.externalstorage.documents/tree/primary%3AField%20Book%20/document/primary%3AField%20Book%20%2Fplot_data%2FB4I_2025_PM3D_NY_subplot%2FStand%20Count%202025.05.08%2F741885_Stand%20Count%202025.05.08_2025-05-08%2010_42_45.289-04_00.jpg"
"B4I_2025_PM3D_NY_09_subplot_1","741871","B4I_2025_PM3D_NY_09","SD Momentum","9","1","","1","9","1","1","content://com.android.externalstorage.documents/tree/primary%3AField%20Book%20/document/primary%3AField%20Book%20%2Fplot_data%2FB4I_2025_PM3D_NY_subplot%2FStand%20Count%202025.05.08%2F741871_Stand%20Count%202025.05.08_2025-05-08%2010_43_04.718-04_00.jpg"
"B4I_2025_PM3D_NY_09_subplot_2","741872","B4I_2025_PM3D_NY_09","SD Momentum","9","1","","1","9","1","2","content://com.android.externalstorage.documents/tree/primary%3AField%20Book%20/document/primary%3AField%20Book%20%2Fplot_data%2FB4I_2025_PM3D_NY_subplot%2FStand%20Count%202025.05.08%2F741872_Stand%20Count%202025.05.08_2025-05-08%2010_43_20.711-04_00.jpg"
"B4I_2025_PM3D_NY_09_subplot_3","741873","B4I_2025_PM3D_NY_09","SD Momentum","9","1","","1","9","1","3","content://com.android.externalstorage.documents/tree/primary%3AField%20Book%20/document/primary%3AField%20Book%20%2Fplot_data%2FB4I_2025_PM3D_NY_subplot%2FStand%20Count%202025.05.08%2F741873_Stand%20Count%202025.05.08_2025-05-08%2010_43_35.070-04_00.jpg"
"B4I_2025_PM3D_NY_10_subplot_1","741913","B4I_2025_PM3D_NY_10","ND210038","10","1","","1","10","1","1","content://com.android.externalstorage.documents/tree/primary%3AField%20Book%20/document/primary%3AField%20Book%20%2Fplot_data%2FB4I_2025_PM3D_NY_subplot%2FStand%20Count%202025.05.08%2F741913_Stand%20Count%202025.05.08_2025-05-08%2010_43_57.123-04_00.jpg"
"B4I_2025_PM3D_NY_10_subplot_2","741914","B4I_2025_PM3D_NY_10","ND210038","10","1","","1","10","1","2","content://com.android.externalstorage.documents/tree/primary%3AField%20Book%20/document/primary%3AField%20Book%20%2Fplot_data%2FB4I_2025_PM3D_NY_subplot%2FStand%20Count%202025.05.08%2F741914_Stand%20Count%202025.05.08_2025-05-08%2010_44_13.161-04_00.jpg"
"B4I_2025_PM3D_NY_10_subplot_3","741915","B4I_2025_PM3D_NY_10","ND210038","10","1","","1","10","1","3","content://com.android.externalstorage.documents/tree/primary%3AField%20Book%20/document/primary%3AField%20Book%20%2Fplot_data%2FB4I_2025_PM3D_NY_subplot%2FStand%20Count%202025.05.08%2F741915_Stand%20Count%202025.05.08_2025-05-08%2010_44_28.717-04_00.jpg"
"B4I_2025_PM3D_NY_11_subplot_1","741889","B4I_2025_PM3D_NY_11","NO_OATS_PLANTED","11","1","","1","1","2","1","content://com.android.externalstorage.documents/tree/primary%3AField%20Book%20/document/primary%3AField%20Book%20%2Fplot_data%2FB4I_2025_PM3D_NY_subplot%2FStand%20Count%202025.05.08%2F741889_Stand%20Count%202025.05.08_2025-05-08%2010_46_50.745-04_00.jpg"
"B4I_2025_PM3D_NY_11_subplot_2","741890","B4I_2025_PM3D_NY_11","NO_OATS_PLANTED","11","1","","1","1","2","2","content://com.android.externalstorage.documents/tree/primary%3AField%20Book%20/document/primary%3AField%20Book%20%2Fplot_data%2FB4I_2025_PM3D_NY_subplot%2FStand%20Count%202025.05.08%2F741890_Stand%20Count%202025.05.08_2025-05-08%2010_47_09.063-04_00.jpg"
"B4I_2025_PM3D_NY_11_subplot_3","741891","B4I_2025_PM3D_NY_11","NO_OATS_PLANTED","11","1","","1","1","2","3","content://com.android.externalstorage.documents/tree/primary%3AField%20Book%20/document/primary%3AField%20Book%20%2Fplot_data%2FB4I_2025_PM3D_NY_subplot%2FStand%20Count%202025.05.08%2F741891_Stand%20Count%202025.05.08_2025-05-08%2010_47_35.639-04_00.jpg"
"B4I_2025_PM3D_NY_12_subplot_1","741901","B4I_2025_PM3D_NY_12","ND190393","12","1","","1","2","2","1","content://com.android.externalstorage.documents/tree/primary%3AField%20Book%20/document/primary%3AField%20Book%20%2Fplot_data%2FB4I_2025_PM3D_NY_subplot%2FStand%20Count%202025.05.08%2F741901_Stand%20Count%202025.05.08_2025-05-08%2010_48_03.908-04_00.jpg"
"B4I_2025_PM3D_NY_12_subplot_2","741902","B4I_2025_PM3D_NY_12","ND190393","12","1","","1","2","2","2","content://com.android.externalstorage.documents/tree/primary%3AField%20Book%20/document/primary%3AField%20Book%20%2Fplot_data%2FB4I_2025_PM3D_NY_subplot%2FStand%20Count%202025.05.08%2F741902_Stand%20Count%202025.05.08_2025-05-08%2010_48_24.308-04_00.jpg"
"B4I_2025_PM3D_NY_12_subplot_3","741903","B4I_2025_PM3D_NY_12","ND190393","12","1","","1","2","2","3","content://com.android.externalstorage.documents/tree/primary%3AField%20Book%20/document/primary%3AField%20Book%20%2Fplot_data%2FB4I_2025_PM3D_NY_subplot%2FStand%20Count%202025.05.08%2F741903_Stand%20Count%202025.05.08_2025-05-08%2010_48_43.786-04_00.jpg"
"B4I_2025_PM3D_NY_13_subplot_1","741877","B4I_2025_PM3D_NY_13","ND190393","13","1","","1","3","2","1","content://com.android.externalstorage.documents/tree/primary%3AField%20Book%20/document/primary%3AField%20Book%20%2Fplot_data%2FB4I_2025_PM3D_NY_subplot%2FStand%20Count%202025.05.08%2F741877_Stand%20Count%202025.05.08_2025-05-08%2010_49_06.373-04_00.jpg"
"B4I_2025_PM3D_NY_13_subplot_2","741878","B4I_2025_PM3D_NY_13","ND190393","13","1","","1","3","2","2","content://com.android.externalstorage.documents/tree/primary%3AField%20Book%20/document/primary%3AField%20Book%20%2Fplot_data%2FB4I_2025_PM3D_NY_subplot%2FStand%20Count%202025.05.08%2F741878_Stand%20Count%202025.05.08_2025-05-08%2010_49_23.024-04_00.jpg"
"B4I_2025_PM3D_NY_13_subplot_3","741879","B4I_2025_PM3D_NY_13","ND190393","13","1","","1","3","2","3","content://com.android.externalstorage.documents/tree/primary%3AField%20Book%20/document/primary%3AField%20Book%20%2Fplot_data%2FB4I_2025_PM3D_NY_subplot%2FStand%20Count%202025.05.08%2F741879_Stand%20Count%202025.05.08_2025-05-08%2010_49_43.736-04_00.jpg"
"B4I_2025_PM3D_NY_14_subplot_1","741862","B4I_2025_PM3D_NY_14","ND Spilde","14","1","","1","4","2","1","content://com.android.externalstorage.documents/tree/primary%3AField%20Book%20/document/primary%3AField%20Book%20%2Fplot_data%2FB4I_2025_PM3D_NY_subplot%2FStand%20Count%202025.05.08%2F741862_Stand%20Count%202025.05.08_2025-05-08%2010_50_05.629-04_00.jpg"
"B4I_2025_PM3D_NY_14_subplot_2","741863","B4I_2025_PM3D_NY_14","ND Spilde","14","1","","1","4","2","2","content://com.android.externalstorage.documents/tree/primary%3AField%20Book%20/document/primary%3AField%20Book%20%2Fplot_data%2FB4I_2025_PM3D_NY_subplot%2FStand%20Count%202025.05.08%2F741863_Stand%20Count%202025.05.08_2025-05-08%2010_50_24.560-04_00.jpg"
"B4I_2025_PM3D_NY_14_subplot_3","741864","B4I_2025_PM3D_NY_14","ND Spilde","14","1","","1","4","2","3","content://com.android.externalstorage.documents/tree/primary%3AField%20Book%20/document/primary%3AField%20Book%20%2Fplot_data%2FB4I_2025_PM3D_NY_subplot%2FStand%20Count%202025.05.08%2F741864_Stand%20Count%202025.05.08_2025-05-08%2010_50_43.582-04_00.jpg"
"B4I_2025_PM3D_NY_15_subplot_1","741874","B4I_2025_PM3D_NY_15","NO_OATS_PLANTED","15","1","","1","5","2","1","content://com.android.externalstorage.documents/tree/primary%3AField%20Book%20/document/primary%3AField%20Book%20%2Fplot_data%2FB4I_2025_PM3D_NY_subplot%2FStand%20Count%202025.05.08%2F741874_Stand%20Count%202025.05.08_2025-05-08%2010_51_03.150-04_00.jpg"
"B4I_2025_PM3D_NY_15_subplot_2","741875","B4I_2025_PM3D_NY_15","NO_OATS_PLANTED","15","1","","1","5","2","2","content://com.android.externalstorage.documents/tree/primary%3AField%20Book%20/document/primary%3AField%20Book%20%2Fplot_data%2FB4I_2025_PM3D_NY_subplot%2FStand%20Count%202025.05.08%2F741875_Stand%20Count%202025.05.08_2025-05-08%2010_51_22.318-04_00.jpg"
"B4I_2025_PM3D_NY_15_subplot_3","741876","B4I_2025_PM3D_NY_15","NO_OATS_PLANTED","15","1","","1","5","2","3","content://com.android.externalstorage.documents/tree/primary%3AField%20Book%20/document/primary%3AField%20Book%20%2Fplot_data%2FB4I_2025_PM3D_NY_subplot%2FStand%20Count%202025.05.08%2F741876_Stand%20Count%202025.05.08_2025-05-08%2010_51_39.599-04_00.jpg"
"B4I_2025_PM3D_NY_16_subplot_1","741907","B4I_2025_PM3D_NY_16","ND190393","16","1","","1","6","2","1","content://com.android.externalstorage.documents/tree/primary%3AField%20Book%20/document/primary%3AField%20Book%20%2Fplot_data%2FB4I_2025_PM3D_NY_subplot%2FStand%20Count%202025.05.08%2F741907_Stand%20Count%202025.05.08_2025-05-08%2010_52_03.704-04_00.jpg"
"B4I_2025_PM3D_NY_16_subplot_2","741908","B4I_2025_PM3D_NY_16","ND190393","16","1","","1","6","2","2","content://com.android.externalstorage.documents/tree/primary%3AField%20Book%20/document/primary%3AField%20Book%20%2Fplot_data%2FB4I_2025_PM3D_NY_subplot%2FStand%20Count%202025.05.08%2F741908_Stand%20Count%202025.05.08_2025-05-08%2010_52_19.873-04_00.jpg"
"B4I_2025_PM3D_NY_16_subplot_3","741909","B4I_2025_PM3D_NY_16","ND190393","16","1","","1","6","2","3","content://com.android.externalstorage.documents/tree/primary%3AField%20Book%20/document/primary%3AField%20Book%20%2Fplot_data%2FB4I_2025_PM3D_NY_subplot%2FStand%20Count%202025.05.08%2F741909_Stand%20Count%202025.05.08_2025-05-08%2010_52_35.430-04_00.jpg"
"B4I_2025_PM3D_NY_17_subplot_1","741868","B4I_2025_PM3D_NY_17","IL17-1704","17","1","","1","7","2","1","content://com.android.externalstorage.documents/tree/primary%3AField%20Book%20/document/primary%3AField%20Book%20%2Fplot_data%2FB4I_2025_PM3D_NY_subplot%2FStand%20Count%202025.05.08%2F741868_Stand%20Count%202025.05.08_2025-05-08%2010_52_53.327-04_00.jpg"
"B4I_2025_PM3D_NY_17_subplot_2","741869","B4I_2025_PM3D_NY_17","IL17-1704","17","1","","1","7","2","2","content://com.android.externalstorage.documents/tree/primary%3AField%20Book%20/document/primary%3AField%20Book%20%2Fplot_data%2FB4I_2025_PM3D_NY_subplot%2FStand%20Count%202025.05.08%2F741869_Stand%20Count%202025.05.08_2025-05-08%2010_53_08.777-04_00.jpg"
"B4I_2025_PM3D_NY_17_subplot_3","741870","B4I_2025_PM3D_NY_17","IL17-1704","17","1","","1","7","2","3","content://com.android.externalstorage.documents/tree/primary%3AField%20Book%20/document/primary%3AField%20Book%20%2Fplot_data%2FB4I_2025_PM3D_NY_subplot%2FStand%20Count%202025.05.08%2F741870_Stand%20Count%202025.05.08_2025-05-08%2010_53_24.927-04_00.jpg"
"B4I_2025_PM3D_NY_18_subplot_1","741904","B4I_2025_PM3D_NY_18","SD Momentum","18","1","","1","8","2","1","content://com.android.externalstorage.documents/tree/primary%3AField%20Book%20/document/primary%3AField%20Book%20%2Fplot_data%2FB4I_2025_PM3D_NY_subplot%2FStand%20Count%202025.05.08%2F741904_Stand%20Count%202025.05.08_2025-05-08%2010_53_54.576-04_00.jpg"
"B4I_2025_PM3D_NY_18_subplot_2","741905","B4I_2025_PM3D_NY_18","SD Momentum","18","1","","1","8","2","2","content://com.android.externalstorage.documents/tree/primary%3AField%20Book%20/document/primary%3AField%20Book%20%2Fplot_data%2FB4I_2025_PM3D_NY_subplot%2FStand%20Count%202025.05.08%2F741905_Stand%20Count%202025.05.08_2025-05-08%2010_54_20.319-04_00.jpg"
"B4I_2025_PM3D_NY_18_subplot_3","741906","B4I_2025_PM3D_NY_18","SD Momentum","18","1","","1","8","2","3","content://com.android.externalstorage.documents/tree/primary%3AField%20Book%20/document/primary%3AField%20Book%20%2Fplot_data%2FB4I_2025_PM3D_NY_subplot%2FStand%20Count%202025.05.08%2F741906_Stand%20Count%202025.05.08_2025-05-08%2010_54_37.357-04_00.jpg"
"B4I_2025_PM3D_NY_19_subplot_1","741880","B4I_2025_PM3D_NY_19","IL17-1704","19","1","","1","9","2","1","content://com.android.externalstorage.documents/tree/primary%3AField%20Book%20/document/primary%3AField%20Book%20%2Fplot_data%2FB4I_2025_PM3D_NY_subplot%2FStand%20Count%202025.05.08%2F741880_Stand%20Count%202025.05.08_2025-05-08%2010_54_56.617-04_00.jpg"
"B4I_2025_PM3D_NY_19_subplot_2","741881","B4I_2025_PM3D_NY_19","IL17-1704","19","1","","1","9","2","2","content://com.android.externalstorage.documents/tree/primary%3AField%20Book%20/document/primary%3AField%20Book%20%2Fplot_data%2FB4I_2025_PM3D_NY_subplot%2FStand%20Count%202025.05.08%2F741881_Stand%20Count%202025.05.08_2025-05-08%2010_55_16.195-04_00.jpg"
"B4I_2025_PM3D_NY_19_subplot_3","741882","B4I_2025_PM3D_NY_19","IL17-1704","19","1","","1","9","2","3","content://com.android.externalstorage.documents/tree/primary%3AField%20Book%20/document/primary%3AField%20Book%20%2Fplot_data%2FB4I_2025_PM3D_NY_subplot%2FStand%20Count%202025.05.08%2F741882_Stand%20Count%202025.05.08_2025-05-08%2010_55_31.276-04_00.jpg"
"B4I_2025_PM3D_NY_20_subplot_1","741856","B4I_2025_PM3D_NY_20","ND210038","20","1","","1","10","2","1","content://com.android.externalstorage.documents/tree/primary%3AField%20Book%20/document/primary%3AField%20Book%20%2Fplot_data%2FB4I_2025_PM3D_NY_subplot%2FStand%20Count%202025.05.08%2F741856_Stand%20Count%202025.05.08_2025-05-08%2010_55_49.987-04_00.jpg"
"B4I_2025_PM3D_NY_20_subplot_2","741857","B4I_2025_PM3D_NY_20","ND210038","20","1","","1","10","2","2","content://com.android.externalstorage.documents/tree/primary%3AField%20Book%20/document/primary%3AField%20Book%20%2Fplot_data%2FB4I_2025_PM3D_NY_subplot%2FStand%20Count%202025.05.08%2F741857_Stand%20Count%202025.05.08_2025-05-08%2010_56_07.859-04_00.jpg"
"B4I_2025_PM3D_NY_20_subplot_3","741858","B4I_2025_PM3D_NY_20","ND210038","20","1","","1","10","2","3","content://com.android.externalstorage.documents/tree/primary%3AField%20Book%20/document/primary%3AField%20Book%20%2Fplot_data%2FB4I_2025_PM3D_NY_subplot%2FStand%20Count%202025.05.08%2F741858_Stand%20Count%202025.05.08_2025-05-08%2010_56_26.638-04_00.jpg"
